{
  "table_of_contents": [
    {
      "title": "OPTISK BRANDVARNARE \nMTS-166/9V",
      "heading_level": null,
      "page_id": 0,
      "polygon": [
        [
          35.3583984375,
          48.0511474609375
        ],
        [
          403.2806701660156,
          48.0511474609375
        ],
        [
          403.2806701660156,
          117.37841796875
        ],
        [
          35.3583984375,
          117.37841796875
        ]
      ]
    },
    {
      "title": "TEKNISK DATA",
      "heading_level": null,
      "page_id": 0,
      "polygon": [
        [
          31.9935302734375,
          650.0009765625
        ],
        [
          98.72705078125,
          650.0009765625
        ],
        [
          98.72705078125,
          659.9792175292969
        ],
        [
          31.9935302734375,
          659.9792175292969
        ]
      ]
    }
  ],
  "page_stats": [
    {
      "page_id": 0,
      "text_extraction_method": "pdftext",
      "block_counts": [
        [
          "Span",
          89
        ],
        [
          "Line",
          30
        ],
        [
          "TableCell",
          24
        ],
        [
          "ListItem",
          9
        ],
        [
          "Picture",
          3
        ],
        [
          "SectionHeader",
          2
        ],
        [
          "Table",
          1
        ],
        [
          "ListGroup",
          1
        ]
      ],
      "block_metadata": {
        "llm_request_count": 0,
        "llm_error_count": 0,
        "llm_tokens_used": 0
      }
    }
  ],
  "debug_data_path": "debug_data\\50154974_pro"
}