{
  "table_of_contents": [
    {
      "title": "96 |\u0e2d8 \u0e2d\u0e49\u0e32\u0e07",
      "heading_level": null,
      "page_id": 0,
      "polygon": [
        [
          511.17884130982367,
          43.6314697265625
        ],
        [
          521.208984375,
          43.6314697265625
        ],
        [
          521.208984375,
          86.3892822265625
        ],
        [
          513.4307304785893,
          86.3892822265625
        ]
      ]
    },
    {
      "title": "tregel 1296, 1396 & 2396",
      "heading_level": null,
      "page_id": 0,
      "polygon": [
        [
          394.8312342569269,
          48.12823486328125
        ],
        [
          403.638671875,
          48.12823486328125
        ],
        [
          403.638671875,
          122.9287109375
        ],
        [
          394.8312342569269,
          122.9287109375
        ]
      ]
    },
    {
      "title": "nderar 3 mm mellan stolpe & sl",
      "heading_level": null,
      "page_id": 0,
      "polygon": [
        [
          237.19899244332493,
          42.7064208984375
        ],
        [
          250.2734375,
          42.7064208984375
        ],
        [
          250.2734375,
          181.92626953125
        ],
        [
          237.19899244332493,
          181.92626953125
        ]
      ]
    }
  ],
  "page_stats": [
    {
      "page_id": 0,
      "text_extraction_method": "surya",
      "block_counts": [
        [
          "Line",
          133
        ],
        [
          "Span",
          133
        ],
        [
          "Figure",
          17
        ],
        [
          "ListItem",
          14
        ],
        [
          "Caption",
          8
        ],
        [
          "Text",
          4
        ],
        [
          "SectionHeader",
          3
        ],
        [
          "Picture",
          3
        ],
        [
          "PictureGroup",
          3
        ],
        [
          "ListGroup",
          2
        ],
        [
          "PageFooter",
          1
        ],
        [
          "FigureGroup",
          1
        ]
      ],
      "block_metadata": {
        "llm_request_count": 0,
        "llm_error_count": 0,
        "llm_tokens_used": 0
      }
    }
  ],
  "debug_data_path": "debug_data\\128304_INS"
}