{
  "table_of_contents": [
    {
      "title": "M\u00e5ttritning Slutbleck 102",
      "heading_level": null,
      "page_id": 0,
      "polygon": [
        [
          200.0732421875,
          69.1217041015625
        ],
        [
          401.6851806640625,
          69.1217041015625
        ],
        [
          401.6851806640625,
          91.7340087890625
        ],
        [
          200.0732421875,
          91.7340087890625
        ]
      ]
    }
  ],
  "page_stats": [
    {
      "page_id": 0,
      "text_extraction_method": "pdftext",
      "block_counts": [
        [
          "Span",
          31
        ],
        [
          "Line",
          23
        ],
        [
          "Picture",
          1
        ],
        [
          "SectionHeader",
          1
        ],
        [
          "Text",
          1
        ],
        [
          "Figure",
          1
        ],
        [
          "PageFooter",
          1
        ]
      ],
      "block_metadata": {
        "llm_request_count": 0,
        "llm_error_count": 0,
        "llm_tokens_used": 0
      }
    }
  ],
  "debug_data_path": "debug_data\\50024058_pro"
}