{
  "table_of_contents": [
    {
      "title": "F\u00d6R SMIDIG OCH ENKEL \u00d6PPNING P\u00c5 L\u00c4NGRE AVST\u00c5ND",
      "heading_level": null,
      "page_id": 0,
      "polygon": [
        [
          34.7763671875,
          380.708984375
        ],
        [
          386.1247253417969,
          380.708984375
        ],
        [
          386.1247253417969,
          401.6955871582031
        ],
        [
          34.7763671875,
          401.6955871582031
        ]
      ]
    },
    {
      "title": "TEKNISK DATA",
      "heading_level": null,
      "page_id": 0,
      "polygon": [
        [
          35.685791015625,
          612.587890625
        ],
        [
          117.861328125,
          612.587890625
        ],
        [
          117.861328125,
          628.2109375
        ],
        [
          35.685791015625,
          628.2109375
        ]
      ]
    }
  ],
  "page_stats": [
    {
      "page_id": 0,
      "text_extraction_method": "pdftext",
      "block_counts": [
        [
          "Span",
          45
        ],
        [
          "Line",
          21
        ],
        [
          "TableCell",
          6
        ],
        [
          "Text",
          4
        ],
        [
          "Picture",
          3
        ],
        [
          "SectionHeader",
          2
        ],
        [
          "Table",
          1
        ],
        [
          "PageHeader",
          1
        ],
        [
          "PageFooter",
          1
        ]
      ],
      "block_metadata": {
        "llm_request_count": 0,
        "llm_error_count": 0,
        "llm_tokens_used": 0
      }
    }
  ],
  "debug_data_path": "debug_data\\50093662_pro"
}