{
  "table_of_contents": [
    {
      "title": "AC 700S Slavcentral f\u00f6r passersystem (fyra d\u00f6rrar)",
      "heading_level": null,
      "page_id": 0,
      "polygon": [
        [
          293.6455078125,
          144.70751953125
        ],
        [
          552.34765625,
          144.70751953125
        ],
        [
          552.34765625,
          172.99423217773438
        ],
        [
          293.6455078125,
          172.99423217773438
        ]
      ]
    },
    {
      "title": "PASSAGE",
      "heading_level": null,
      "page_id": 1,
      "polygon": [
        [
          300.91015625,
          20.88458251953125
        ],
        [
          334.60687255859375,
          20.88458251953125
        ],
        [
          334.60687255859375,
          98.13101196289062
        ],
        [
          300.91015625,
          98.13101196289062
        ]
      ]
    },
    {
      "title": "www.aptus.se",
      "heading_level": null,
      "page_id": 1,
      "polygon": [
        [
          315.48919677734375,
          519.7644653320312
        ],
        [
          521.9146728515625,
          519.7644653320312
        ],
        [
          521.9146728515625,
          556.0724639892578
        ],
        [
          315.48919677734375,
          556.0724639892578
        ]
      ]
    }
  ],
  "page_stats": [
    {
      "page_id": 0,
      "text_extraction_method": "pdftext",
      "block_counts": [
        [
          "Span",
          114
        ],
        [
          "Line",
          58
        ],
        [
          "TableCell",
          28
        ],
        [
          "ListItem",
          20
        ],
        [
          "Picture",
          2
        ],
        [
          "Table",
          1
        ],
        [
          "SectionHeader",
          1
        ],
        [
          "Text",
          1
        ],
        [
          "ListGroup",
          1
        ]
      ],
      "block_metadata": {
        "llm_request_count": 0,
        "llm_error_count": 0,
        "llm_tokens_used": 0
      }
    },
    {
      "page_id": 1,
      "text_extraction_method": "pdftext",
      "block_counts": [
        [
          "Span",
          93
        ],
        [
          "TableCell",
          64
        ],
        [
          "Line",
          41
        ],
        [
          "SectionHeader",
          2
        ],
        [
          "Text",
          2
        ],
        [
          "Table",
          1
        ],
        [
          "Picture",
          1
        ]
      ],
      "block_metadata": {
        "llm_request_count": 0,
        "llm_error_count": 0,
        "llm_tokens_used": 0
      }
    }
  ],
  "debug_data_path": "debug_data\\50091863_prodblad"
}