{
  "table_of_contents": [
    {
      "title": "Yale Doorman f\u00f6r Aptus\nElektroniskt l\u00e5s med inbyggd ber\u00f6ringsfri mifarel\u00e4sare",
      "heading_level": null,
      "page_id": 0,
      "polygon": [
        [
          291.9684753417969,
          143.177001953125
        ],
        [
          543.6171875,
          143.177001953125
        ],
        [
          543.6171875,
          181.2559814453125
        ],
        [
          291.9684753417969,
          181.2559814453125
        ]
      ]
    },
    {
      "title": "Yale Doorman f\u00f6r Aptus\nElektroniskt l\u00e5s med inbyggd ber\u00f6ringsfri mifarel\u00e4sare",
      "heading_level": null,
      "page_id": 1,
      "polygon": [
        [
          291.9684753417969,
          143.07421875
        ],
        [
          543.908203125,
          143.07421875
        ],
        [
          543.908203125,
          181.2559814453125
        ],
        [
          291.9684753417969,
          181.2559814453125
        ]
      ]
    },
    {
      "title": "www.aptus.se",
      "heading_level": null,
      "page_id": 2,
      "polygon": [
        [
          318.4252014160156,
          514.6535949707031
        ],
        [
          526.447265625,
          514.6535949707031
        ],
        [
          526.447265625,
          552.5625
        ],
        [
          318.4252014160156,
          552.5625
        ]
      ]
    },
    {
      "title": "www.aptus.se",
      "heading_level": null,
      "page_id": 3,
      "polygon": [
        [
          318.4252014160156,
          514.6535949707031
        ],
        [
          526.73828125,
          514.6535949707031
        ],
        [
          526.73828125,
          552.5625
        ],
        [
          318.4252014160156,
          552.5625
        ]
      ]
    }
  ],
  "page_stats": [
    {
      "page_id": 0,
      "text_extraction_method": "pdftext",
      "block_counts": [
        [
          "Span",
          72
        ],
        [
          "Line",
          38
        ],
        [
          "ListItem",
          17
        ],
        [
          "Text",
          3
        ],
        [
          "PageHeader",
          1
        ],
        [
          "SectionHeader",
          1
        ],
        [
          "Picture",
          1
        ],
        [
          "ListGroup",
          1
        ]
      ],
      "block_metadata": {
        "llm_request_count": 0,
        "llm_error_count": 0,
        "llm_tokens_used": 0
      }
    },
    {
      "page_id": 1,
      "text_extraction_method": "pdftext",
      "block_counts": [
        [
          "Span",
          73
        ],
        [
          "Line",
          39
        ],
        [
          "ListItem",
          17
        ],
        [
          "Text",
          2
        ],
        [
          "PageHeader",
          1
        ],
        [
          "SectionHeader",
          1
        ],
        [
          "Picture",
          1
        ],
        [
          "ListGroup",
          1
        ]
      ],
      "block_metadata": {
        "llm_request_count": 0,
        "llm_error_count": 0,
        "llm_tokens_used": 0
      }
    },
    {
      "page_id": 2,
      "text_extraction_method": "pdftext",
      "block_counts": [
        [
          "Span",
          155
        ],
        [
          "TableCell",
          74
        ],
        [
          "Line",
          64
        ],
        [
          "Text",
          2
        ],
        [
          "Table",
          1
        ],
        [
          "Picture",
          1
        ],
        [
          "SectionHeader",
          1
        ]
      ],
      "block_metadata": {
        "llm_request_count": 0,
        "llm_error_count": 0,
        "llm_tokens_used": 0
      }
    },
    {
      "page_id": 3,
      "text_extraction_method": "pdftext",
      "block_counts": [
        [
          "Span",
          155
        ],
        [
          "TableCell",
          72
        ],
        [
          "Line",
          64
        ],
        [
          "Text",
          2
        ],
        [
          "Table",
          1
        ],
        [
          "Picture",
          1
        ],
        [
          "SectionHeader",
          1
        ]
      ],
      "block_metadata": {
        "llm_request_count": 0,
        "llm_error_count": 0,
        "llm_tokens_used": 0
      }
    }
  ],
  "debug_data_path": "debug_data\\50108075_prodblad"
}