{
  "table_of_contents": [
    {
      "title": "INKOPPLINGSANVISNING DCK1",
      "heading_level": null,
      "page_id": 0,
      "polygon": [
        [
          70.2802734375,
          147.39111328125
        ],
        [
          240.8915557861328,
          147.39111328125
        ],
        [
          240.8915557861328,
          160.95849609375
        ],
        [
          70.2802734375,
          160.95849609375
        ]
      ]
    },
    {
      "title": "INKOPPLINGSANVISNING DCD1",
      "heading_level": null,
      "page_id": 0,
      "polygon": [
        [
          318.662109375,
          142.354736328125
        ],
        [
          489.30120849609375,
          142.354736328125
        ],
        [
          489.30120849609375,
          155.922119140625
        ],
        [
          318.662109375,
          155.922119140625
        ]
      ]
    }
  ],
  "page_stats": [
    {
      "page_id": 0,
      "text_extraction_method": "pdftext",
      "block_counts": [
        [
          "Span",
          97
        ],
        [
          "Line",
          42
        ],
        [
          "ListItem",
          14
        ],
        [
          "Text",
          4
        ],
        [
          "Picture",
          2
        ],
        [
          "SectionHeader",
          2
        ],
        [
          "ListGroup",
          2
        ],
        [
          "PageHeader",
          1
        ]
      ],
      "block_metadata": {
        "llm_request_count": 0,
        "llm_error_count": 0,
        "llm_tokens_used": 0
      }
    }
  ],
  "debug_data_path": "debug_data\\50025944_inst.manual"
}