{
  "table_of_contents": [
    {
      "title": "V\u00e4rmedetektorkabel",
      "heading_level": null,
      "page_id": 0,
      "polygon": [
        [
          34.12158203125,
          107.10009765625
        ],
        [
          247.36328125,
          107.10009765625
        ],
        [
          247.36328125,
          131.9736328125
        ],
        [
          34.12158203125,
          131.9736328125
        ]
      ]
    },
    {
      "title": "HDC Heat Detector Cable",
      "heading_level": null,
      "page_id": 0,
      "polygon": [
        [
          33.7578125,
          136.0849609375
        ],
        [
          221.75390625,
          136.0849609375
        ],
        [
          221.75390625,
          153.763671875
        ],
        [
          33.7578125,
          153.763671875
        ]
      ]
    },
    {
      "title": "Tekniska data HDC",
      "heading_level": null,
      "page_id": 1,
      "polygon": [
        [
          35.400001525878906,
          427.578125
        ],
        [
          238.923828125,
          427.578125
        ],
        [
          238.923828125,
          453.890625
        ],
        [
          35.400001525878906,
          453.890625
        ]
      ]
    }
  ],
  "page_stats": [
    {
      "page_id": 0,
      "text_extraction_method": "pdftext",
      "block_counts": [
        [
          "Span",
          165
        ],
        [
          "TableCell",
          67
        ],
        [
          "Line",
          51
        ],
        [
          "Text",
          6
        ],
        [
          "Picture",
          3
        ],
        [
          "SectionHeader",
          2
        ],
        [
          "PageHeader",
          1
        ],
        [
          "Table",
          1
        ],
        [
          "PageFooter",
          1
        ]
      ],
      "block_metadata": {
        "llm_request_count": 0,
        "llm_error_count": 0,
        "llm_tokens_used": 0
      }
    },
    {
      "page_id": 1,
      "text_extraction_method": "pdftext",
      "block_counts": [
        [
          "Span",
          118
        ],
        [
          "TableCell",
          58
        ],
        [
          "Line",
          32
        ],
        [
          "Picture",
          2
        ],
        [
          "Table",
          2
        ],
        [
          "PageHeader",
          1
        ],
        [
          "SectionHeader",
          1
        ],
        [
          "Figure",
          1
        ],
        [
          "PageFooter",
          1
        ],
        [
          "Text",
          1
        ]
      ],
      "block_metadata": {
        "llm_request_count": 0,
        "llm_error_count": 0,
        "llm_tokens_used": 0
      }
    }
  ],
  "debug_data_path": "debug_data\\50111666_pro"
}