{
  "table_of_contents": [
    {
      "title": "DATA SHEET",
      "heading_level": null,
      "page_id": 0,
      "polygon": [
        [
          46.92626953125,
          111.314208984375
        ],
        [
          147.13729858398438,
          111.314208984375
        ],
        [
          147.13729858398438,
          131.770751953125
        ],
        [
          46.92626953125,
          131.770751953125
        ]
      ]
    },
    {
      "title": "NO MERCURY ADDED",
      "heading_level": null,
      "page_id": 0,
      "polygon": [
        [
          33.9033203125,
          155.305419921875
        ],
        [
          158.4580078125,
          155.305419921875
        ],
        [
          158.4580078125,
          170.67694091796875
        ],
        [
          33.9033203125,
          170.67694091796875
        ]
      ]
    },
    {
      "title": "Discharge curve:",
      "heading_level": null,
      "page_id": 0,
      "polygon": [
        [
          27.41309928894043,
          507.7490234375
        ],
        [
          120.3349609375,
          507.7490234375
        ],
        [
          120.3349609375,
          521.6969299316406
        ],
        [
          27.41309928894043,
          521.6969299316406
        ]
      ]
    },
    {
      "title": "",
      "heading_level": null,
      "page_id": 0,
      "polygon": [
        [
          32.95751953125,
          783.2080078125
        ],
        [
          137.43212890625,
          783.2080078125
        ],
        [
          137.43212890625,
          793.0751953125
        ],
        [
          32.95751953125,
          793.0751953125
        ]
      ]
    }
  ],
  "page_stats": [
    {
      "page_id": 0,
      "text_extraction_method": "pdftext",
      "block_counts": [
        [
          "Span",
          240
        ],
        [
          "Line",
          81
        ],
        [
          "TableCell",
          56
        ],
        [
          "SectionHeader",
          4
        ],
        [
          "Text",
          4
        ],
        [
          "Table",
          3
        ],
        [
          "Picture",
          2
        ],
        [
          "Figure",
          2
        ],
        [
          "PageHeader",
          1
        ]
      ],
      "block_metadata": {
        "llm_request_count": 0,
        "llm_error_count": 0,
        "llm_tokens_used": 0
      }
    }
  ],
  "debug_data_path": "debug_data\\50464570_pro"
}