{
  "table_of_contents": [
    {
      "title": "US SERIES\nUS12-33 (12V33AH)",
      "heading_level": null,
      "page_id": 0,
      "polygon": [
        [
          291.015625,
          28.1103515625
        ],
        [
          480.54842767295594,
          28.1103515625
        ],
        [
          480.54842767295594,
          90.6938775510204
        ],
        [
          291.015625,
          87.783203125
        ]
      ]
    },
    {
      "title": "General Features",
      "heading_level": null,
      "page_id": 0,
      "polygon": [
        [
          267.6377358490566,
          98.93877551020408
        ],
        [
          364.3471698113207,
          98.93877551020408
        ],
        [
          364.3471698113207,
          111.7509765625
        ],
        [
          267.6377358490566,
          111.7509765625
        ]
      ]
    },
    {
      "title": "Co ns tant P ower Dis ch ar ge (W atts ) a t 20 \u2103 (6 8 \u2109 )",
      "heading_level": null,
      "page_id": 0,
      "polygon": [
        [
          184.9404296875,
          663.3395176252319
        ],
        [
          458.8075471698113,
          663.3395176252319
        ],
        [
          458.8075471698113,
          676.8311688311688
        ],
        [
          184.9404296875,
          676.8311688311688
        ]
      ]
    }
  ],
  "page_stats": [
    {
      "page_id": 0,
      "text_extraction_method": "surya",
      "block_counts": [
        [
          "TableCell",
          309
        ],
        [
          "Line",
          13
        ],
        [
          "Span",
          13
        ],
        [
          "ListItem",
          8
        ],
        [
          "Picture",
          4
        ],
        [
          "Table",
          4
        ],
        [
          "SectionHeader",
          3
        ],
        [
          "ListGroup",
          1
        ]
      ],
      "block_metadata": {
        "llm_request_count": 0,
        "llm_error_count": 0,
        "llm_tokens_used": 0
      }
    },
    {
      "page_id": 1,
      "text_extraction_method": "pdftext",
      "block_counts": [
        [
          "Span",
          695
        ],
        [
          "Line",
          487
        ],
        [
          "Figure",
          5
        ],
        [
          "Text",
          2
        ],
        [
          "PageHeader",
          1
        ],
        [
          "PageFooter",
          1
        ]
      ],
      "block_metadata": {
        "llm_request_count": 0,
        "llm_error_count": 0,
        "llm_tokens_used": 0
      }
    }
  ],
  "debug_data_path": "debug_data\\50142575_pro"
}