{
  "table_of_contents": [
    {
      "title": "",
      "heading_level": null,
      "page_id": 0,
      "polygon": [
        [
          973.74462890625,
          315.95556640625
        ],
        [
          1136.86376953125,
          315.95556640625
        ],
        [
          1136.86376953125,
          400.23779296875
        ],
        [
          973.74462890625,
          400.23779296875
        ]
      ]
    }
  ],
  "page_stats": [
    {
      "page_id": 0,
      "text_extraction_method": "surya",
      "block_counts": [
        [
          "Line",
          50
        ],
        [
          "Span",
          50
        ],
        [
          "Text",
          3
        ],
        [
          "Figure",
          1
        ],
        [
          "SectionHeader",
          1
        ]
      ],
      "block_metadata": {
        "llm_request_count": 0,
        "llm_error_count": 0,
        "llm_tokens_used": 0
      }
    }
  ],
  "debug_data_path": "debug_data\\1  1 10 C L Elslutb_88278078231268869"
}