{
  "table_of_contents": [
    {
      "title": "SMARTA HEM",
      "heading_level": null,
      "page_id": 0,
      "polygon": [
        [
          395.9667053222656,
          26.119781494140625
        ],
        [
          568.64453125,
          26.119781494140625
        ],
        [
          568.64453125,
          55.400146484375
        ],
        [
          395.9667053222656,
          55.400146484375
        ]
      ]
    },
    {
      "title": "D\u00d6RRKLOCKA, PLUG-IN, SET\nMLR-1923/SET",
      "heading_level": null,
      "page_id": 0,
      "polygon": [
        [
          36.8306999206543,
          92.813232421875
        ],
        [
          471.5436096191406,
          92.813232421875
        ],
        [
          471.5436096191406,
          161.266845703125
        ],
        [
          36.8306999206543,
          161.266845703125
        ]
      ]
    },
    {
      "title": "TEKNISK DATA",
      "heading_level": null,
      "page_id": 0,
      "polygon": [
        [
          39.760009765625,
          642.189453125
        ],
        [
          106.28990173339844,
          642.189453125
        ],
        [
          106.28990173339844,
          652.87890625
        ],
        [
          39.760009765625,
          652.87890625
        ]
      ]
    }
  ],
  "page_stats": [
    {
      "page_id": 0,
      "text_extraction_method": "pdftext",
      "block_counts": [
        [
          "Span",
          113
        ],
        [
          "Line",
          47
        ],
        [
          "TableCell",
          20
        ],
        [
          "ListItem",
          6
        ],
        [
          "Text",
          4
        ],
        [
          "SectionHeader",
          3
        ],
        [
          "Picture",
          3
        ],
        [
          "Table",
          1
        ],
        [
          "ListGroup",
          1
        ]
      ],
      "block_metadata": {
        "llm_request_count": 0,
        "llm_error_count": 0,
        "llm_tokens_used": 0
      }
    }
  ],
  "debug_data_path": "debug_data\\50456710_pro"
}