{
  "table_of_contents": [
    {
      "title": "TRYGGA HEM",
      "heading_level": null,
      "page_id": 0,
      "polygon": [
        [
          396.6307067871094,
          25.593017578125
        ],
        [
          568.0625,
          25.593017578125
        ],
        [
          568.0625,
          55.7598876953125
        ],
        [
          396.6307067871094,
          55.7598876953125
        ]
      ]
    },
    {
      "title": "FB-120 VMM\nBRANDFILT MASKROS, 120 CM",
      "heading_level": null,
      "page_id": 0,
      "polygon": [
        [
          36.5224609375,
          97.746826171875
        ],
        [
          410.33203125,
          97.746826171875
        ],
        [
          410.33203125,
          158.4180908203125
        ],
        [
          36.5224609375,
          158.4180908203125
        ]
      ]
    }
  ],
  "page_stats": [
    {
      "page_id": 0,
      "text_extraction_method": "pdftext",
      "block_counts": [
        [
          "Span",
          77
        ],
        [
          "Line",
          30
        ],
        [
          "TableCell",
          16
        ],
        [
          "Text",
          5
        ],
        [
          "ListItem",
          3
        ],
        [
          "SectionHeader",
          2
        ],
        [
          "Picture",
          2
        ],
        [
          "Table",
          2
        ],
        [
          "ListGroup",
          1
        ]
      ],
      "block_metadata": {
        "llm_request_count": 0,
        "llm_error_count": 0,
        "llm_tokens_used": 0
      }
    }
  ],
  "debug_data_path": "debug_data\\50461561_PRO"
}