{
  "table_of_contents": [
    {
      "title": "PoE Switch 4.0",
      "heading_level": null,
      "page_id": 0,
      "polygon": [
        [
          32.4482421875,
          22.48382568359375
        ],
        [
          211.42369079589844,
          22.48382568359375
        ],
        [
          211.42369079589844,
          52.40277099609375
        ],
        [
          32.4482421875,
          52.40277099609375
        ]
      ]
    },
    {
      "title": "Teknisk specifikation",
      "heading_level": null,
      "page_id": 0,
      "polygon": [
        [
          302.65625,
          103.81103515625
        ],
        [
          425.46484375,
          103.81103515625
        ],
        [
          425.46484375,
          119.1148681640625
        ],
        [
          302.65625,
          119.1148681640625
        ]
      ]
    },
    {
      "title": "Inkoppling",
      "heading_level": null,
      "page_id": 0,
      "polygon": [
        [
          304.7243957519531,
          183.15966796875
        ],
        [
          365.515625,
          183.15966796875
        ],
        [
          365.515625,
          198.78271484375
        ],
        [
          304.7243957519531,
          198.78271484375
        ]
      ]
    }
  ],
  "page_stats": [
    {
      "page_id": 0,
      "text_extraction_method": "pdftext",
      "block_counts": [
        [
          "Span",
          81
        ],
        [
          "Line",
          36
        ],
        [
          "Text",
          5
        ],
        [
          "SectionHeader",
          3
        ],
        [
          "Picture",
          3
        ],
        [
          "ListItem",
          3
        ],
        [
          "PageFooter",
          3
        ],
        [
          "Figure",
          1
        ],
        [
          "Caption",
          1
        ],
        [
          "PictureGroup",
          1
        ],
        [
          "ListGroup",
          1
        ]
      ],
      "block_metadata": {
        "llm_request_count": 0,
        "llm_error_count": 0,
        "llm_tokens_used": 0
      }
    }
  ],
  "debug_data_path": "debug_data\\50153189_INS"
}