{
  "table_of_contents": [
    {
      "title": "BT-BOX FLX SMALL",
      "heading_level": null,
      "page_id": 0,
      "polygon": [
        [
          29.17431640625,
          135.365478515625
        ],
        [
          232.23046875,
          135.365478515625
        ],
        [
          232.23046875,
          161.677978515625
        ],
        [
          29.17431640625,
          161.677978515625
        ]
      ]
    },
    {
      "title": "M\u00f6jliga medellaster:",
      "heading_level": null,
      "page_id": 0,
      "polygon": [
        [
          30.010986328125,
          510.2158203125
        ],
        [
          123.099609375,
          510.2158203125
        ],
        [
          123.099609375,
          521.9510498046875
        ],
        [
          30.010986328125,
          521.9510498046875
        ]
      ]
    }
  ],
  "page_stats": [
    {
      "page_id": 0,
      "text_extraction_method": "pdftext",
      "block_counts": [
        [
          "Line",
          56
        ],
        [
          "Span",
          52
        ],
        [
          "Text",
          13
        ],
        [
          "ListItem",
          9
        ],
        [
          "ListGroup",
          3
        ],
        [
          "Picture",
          2
        ],
        [
          "SectionHeader",
          2
        ],
        [
          "PageFooter",
          1
        ]
      ],
      "block_metadata": {
        "llm_request_count": 0,
        "llm_error_count": 0,
        "llm_tokens_used": 0
      }
    },
    {
      "page_id": 1,
      "text_extraction_method": "pdftext",
      "block_counts": [
        [
          "Line",
          57
        ],
        [
          "Span",
          57
        ],
        [
          "TableCell",
          28
        ],
        [
          "Picture",
          1
        ],
        [
          "Table",
          1
        ],
        [
          "PageFooter",
          1
        ]
      ],
      "block_metadata": {
        "llm_request_count": 0,
        "llm_error_count": 0,
        "llm_tokens_used": 0
      }
    }
  ],
  "debug_data_path": "debug_data\\BT-Box20FLX20SMALL_PRO"
}