{
  "table_of_contents": [
    {
      "title": "Tekniskt produktblad JCK107",
      "heading_level": null,
      "page_id": 0,
      "polygon": [
        [
          25.7548828125,
          15.745325022261799
        ],
        [
          224.5185546875,
          15.745325022261799
        ],
        [
          224.5185546875,
          32.71075439453125
        ],
        [
          25.7548828125,
          32.71075439453125
        ]
      ]
    },
    {
      "title": "M\u00e5tt",
      "heading_level": null,
      "page_id": 0,
      "polygon": [
        [
          60.45849609375,
          125.21282279608192
        ],
        [
          87.82367758186398,
          125.21282279608192
        ],
        [
          87.82367758186398,
          138.5517578125
        ],
        [
          60.45849609375,
          138.5517578125
        ]
      ]
    },
    {
      "title": "H\u00e5lbildsritning:",
      "heading_level": null,
      "page_id": 0,
      "polygon": [
        [
          34.52896725440806,
          427.9892578125
        ],
        [
          127.60705289672543,
          427.9892578125
        ],
        [
          127.60705289672543,
          441.1455078125
        ],
        [
          34.52896725440806,
          441.1455078125
        ]
      ]
    },
    {
      "title": "Tillval:",
      "heading_level": null,
      "page_id": 0,
      "polygon": [
        [
          427.10831234256926,
          465.40234375
        ],
        [
          467.953125,
          465.40234375
        ],
        [
          467.953125,
          478.35796972395366
        ],
        [
          427.10831234256926,
          478.35796972395366
        ]
      ]
    }
  ],
  "page_stats": [
    {
      "page_id": 0,
      "text_extraction_method": "surya",
      "block_counts": [
        [
          "Line",
          38
        ],
        [
          "Span",
          38
        ],
        [
          "Text",
          6
        ],
        [
          "SectionHeader",
          4
        ],
        [
          "ListItem",
          4
        ],
        [
          "Picture",
          2
        ],
        [
          "Figure",
          1
        ],
        [
          "PageFooter",
          1
        ],
        [
          "ListGroup",
          1
        ]
      ],
      "block_metadata": {
        "llm_request_count": 0,
        "llm_error_count": 0,
        "llm_tokens_used": 0
      }
    }
  ],
  "debug_data_path": "debug_data\\50155028_pro"
}