{
  "table_of_contents": [
    {
      "title": "Vibration Sensor\nDetect vibration to gain insights for care and security purposes",
      "heading_level": null,
      "page_id": 0,
      "polygon": [
        [
          58.3486328125,
          242.568359375
        ],
        [
          476.1015625,
          242.568359375
        ],
        [
          476.1015625,
          282.1461181640625
        ],
        [
          58.3486328125,
          282.1461181640625
        ]
      ]
    },
    {
      "title": "Secure detection of vibration on different sensitivity levels",
      "heading_level": null,
      "page_id": 0,
      "polygon": [
        [
          58.203125,
          607.2431640625
        ],
        [
          442.92578125,
          607.2431640625
        ],
        [
          442.92578125,
          622.0439453125
        ],
        [
          58.203125,
          622.0439453125
        ]
      ]
    },
    {
      "title": "Vibration Sensor - Technical specifications",
      "heading_level": null,
      "page_id": 1,
      "polygon": [
        [
          57.62109375,
          244.00732421875
        ],
        [
          374.24609375,
          244.00732421875
        ],
        [
          374.24609375,
          263.33056640625
        ],
        [
          57.62109375,
          263.33056640625
        ]
      ]
    }
  ],
  "page_stats": [
    {
      "page_id": 0,
      "text_extraction_method": "pdftext",
      "block_counts": [
        [
          "Span",
          56
        ],
        [
          "Line",
          24
        ],
        [
          "Text",
          6
        ],
        [
          "ListItem",
          4
        ],
        [
          "Picture",
          2
        ],
        [
          "SectionHeader",
          2
        ],
        [
          "PageFooter",
          1
        ],
        [
          "ListGroup",
          1
        ]
      ],
      "block_metadata": {
        "llm_request_count": 0,
        "llm_error_count": 0,
        "llm_tokens_used": 0
      }
    },
    {
      "page_id": 1,
      "text_extraction_method": "pdftext",
      "block_counts": [
        [
          "Span",
          77
        ],
        [
          "TableCell",
          40
        ],
        [
          "Line",
          32
        ],
        [
          "Picture",
          2
        ],
        [
          "Text",
          2
        ],
        [
          "SectionHeader",
          1
        ],
        [
          "Table",
          1
        ]
      ],
      "block_metadata": {
        "llm_request_count": 0,
        "llm_error_count": 0,
        "llm_tokens_used": 0
      }
    }
  ],
  "debug_data_path": "debug_data\\50460052_pro"
}