{
  "table_of_contents": [
    {
      "title": "Tekniskt produktblad JCK212",
      "heading_level": null,
      "page_id": 0,
      "polygon": [
        [
          104.98941638947686,
          71.18126068832835
        ],
        [
          944.1548231025098,
          71.18126068832835
        ],
        [
          944.1548231025098,
          131.81714942283028
        ],
        [
          104.98941638947686,
          131.81714942283028
        ]
      ]
    },
    {
      "title": "Reng\u00f6ring:",
      "heading_level": null,
      "page_id": 0,
      "polygon": [
        [
          1772.0713637738131,
          1259.07054296708
        ],
        [
          2029.2954339280313,
          1260.8310342293717
        ],
        [
          2027.109375,
          1311.3609415081232
        ],
        [
          1768.321741759903,
          1311.3609415081232
        ]
      ]
    },
    {
      "title": "H\u00e5lbildsritning:",
      "heading_level": null,
      "page_id": 0,
      "polygon": [
        [
          139.2578125,
          1786.995297135528
        ],
        [
          537.6957967946779,
          1788.495083368961
        ],
        [
          536.195947989114,
          1836.87197720714
        ],
        [
          139.2578125,
          1836.87197720714
        ]
      ]
    },
    {
      "title": "Tillval:",
      "heading_level": null,
      "page_id": 0,
      "polygon": [
        [
          1721.953125,
          1857.5233306167167
        ],
        [
          2351.640625,
          1857.5233306167167
        ],
        [
          2351.640625,
          2608.221996579735
        ],
        [
          1721.953125,
          2608.221996579735
        ]
      ]
    }
  ],
  "page_stats": [
    {
      "page_id": 0,
      "text_extraction_method": "surya",
      "block_counts": [
        [
          "Line",
          56
        ],
        [
          "Span",
          56
        ],
        [
          "SectionHeader",
          4
        ],
        [
          "Text",
          4
        ],
        [
          "Figure",
          2
        ],
        [
          "Picture",
          2
        ],
        [
          "PageFooter",
          1
        ]
      ],
      "block_metadata": {
        "llm_request_count": 0,
        "llm_error_count": 0,
        "llm_tokens_used": 0
      }
    }
  ],
  "debug_data_path": "debug_data\\50461352_pro"
}