{
  "table_of_contents": [
    {
      "title": "SF-NVR6108-4K-VS2",
      "heading_level": null,
      "page_id": 0,
      "polygon": [
        [
          34.33984375,
          19.91424560546875
        ],
        [
          270.935546875,
          19.91424560546875
        ],
        [
          270.935546875,
          47.59063720703125
        ],
        [
          34.33984375,
          47.59063720703125
        ]
      ]
    },
    {
      "title": "Specifications",
      "heading_level": null,
      "page_id": 1,
      "polygon": [
        [
          245.6171875,
          13.149826049804688
        ],
        [
          350.96484375,
          13.149826049804688
        ],
        [
          350.96484375,
          30.96343994140625
        ],
        [
          245.6171875,
          30.96343994140625
        ]
      ]
    }
  ],
  "page_stats": [
    {
      "page_id": 0,
      "text_extraction_method": "pdftext",
      "block_counts": [
        [
          "Span",
          41
        ],
        [
          "Line",
          21
        ],
        [
          "Text",
          5
        ],
        [
          "SectionHeader",
          1
        ],
        [
          "Picture",
          1
        ]
      ],
      "block_metadata": {
        "llm_request_count": 0,
        "llm_error_count": 0,
        "llm_tokens_used": 0
      }
    },
    {
      "page_id": 1,
      "text_extraction_method": "pdftext",
      "block_counts": [
        [
          "Span",
          77
        ],
        [
          "TableCell",
          38
        ],
        [
          "Line",
          20
        ],
        [
          "SectionHeader",
          1
        ],
        [
          "Table",
          1
        ]
      ],
      "block_metadata": {
        "llm_request_count": 0,
        "llm_error_count": 0,
        "llm_tokens_used": 0
      }
    }
  ],
  "debug_data_path": "debug_data\\SF-NVR6108-4K-VS2_1541375939884338234"
}