{
  "table_of_contents": [
    {
      "title": "KeyGarage\u2122 787 LED",
      "heading_level": null,
      "page_id": 0,
      "polygon": [
        [
          53.32861328125,
          84.796142578125
        ],
        [
          242.3929901123047,
          84.796142578125
        ],
        [
          242.3929901123047,
          108.1279296875
        ],
        [
          53.32861328125,
          108.1279296875
        ]
      ]
    },
    {
      "title": "Teknik",
      "heading_level": null,
      "page_id": 0,
      "polygon": [
        [
          57.1845703125,
          378.44775390625
        ],
        [
          89.32799530029297,
          378.44775390625
        ],
        [
          89.32799530029297,
          391.19287109375
        ],
        [
          57.1845703125,
          391.19287109375
        ]
      ]
    },
    {
      "title": "Anv\u00e4ndningsomr\u00e5den",
      "heading_level": null,
      "page_id": 0,
      "polygon": [
        [
          55.875,
          562.4296875
        ],
        [
          158.603515625,
          562.4296875
        ],
        [
          158.603515625,
          575.5859375
        ],
        [
          55.875,
          575.5859375
        ]
      ]
    },
    {
      "title": "Varianter",
      "heading_level": null,
      "page_id": 0,
      "polygon": [
        [
          55.1474609375,
          673.435546875
        ],
        [
          99.818359375,
          673.435546875
        ],
        [
          99.818359375,
          685.76953125
        ],
        [
          55.1474609375,
          685.76953125
        ]
      ]
    }
  ],
  "page_stats": [
    {
      "page_id": 0,
      "text_extraction_method": "pdftext",
      "block_counts": [
        [
          "Span",
          53
        ],
        [
          "Line",
          27
        ],
        [
          "ListItem",
          18
        ],
        [
          "SectionHeader",
          4
        ],
        [
          "Text",
          3
        ],
        [
          "ListGroup",
          3
        ],
        [
          "Picture",
          2
        ],
        [
          "PageFooter",
          1
        ]
      ],
      "block_metadata": {
        "llm_request_count": 0,
        "llm_error_count": 0,
        "llm_tokens_used": 0
      }
    }
  ],
  "debug_data_path": "debug_data\\document_618_99169126168563594"
}