{
  "table_of_contents": [
    {
      "title": "ELEKTROMAGNETISKA L\u00c5S\nF\u00d6R INNED\u00d6RRAR",
      "heading_level": null,
      "page_id": 1,
      "polygon": [
        [
          131.6845703125,
          50.85198974609375
        ],
        [
          463.87890625,
          50.85198974609375
        ],
        [
          463.87890625,
          106.27783203125
        ],
        [
          131.6845703125,
          106.27783203125
        ]
      ]
    },
    {
      "title": "V1SR",
      "heading_level": null,
      "page_id": 1,
      "polygon": [
        [
          33.2303466796875,
          186.85986328125
        ],
        [
          86.95970153808594,
          186.85986328125
        ],
        [
          86.95970153808594,
          206.18310546875
        ],
        [
          33.2303466796875,
          206.18310546875
        ]
      ]
    },
    {
      "title": "",
      "heading_level": null,
      "page_id": 1,
      "polygon": [
        [
          335.83203125,
          736.3388671875
        ],
        [
          554.67578125,
          736.3388671875
        ],
        [
          554.67578125,
          803.7646484375
        ],
        [
          335.83203125,
          803.7646484375
        ]
      ]
    }
  ],
  "page_stats": [
    {
      "page_id": 0,
      "text_extraction_method": "surya",
      "block_counts": [
        [
          "Line",
          10
        ],
        [
          "Span",
          10
        ],
        [
          "Text",
          5
        ],
        [
          "Picture",
          1
        ]
      ],
      "block_metadata": {
        "llm_request_count": 0,
        "llm_error_count": 0,
        "llm_tokens_used": 0
      }
    },
    {
      "page_id": 1,
      "text_extraction_method": "pdftext",
      "block_counts": [
        [
          "Span",
          70
        ],
        [
          "Line",
          32
        ],
        [
          "SectionHeader",
          3
        ],
        [
          "Text",
          3
        ],
        [
          "Figure",
          1
        ]
      ],
      "block_metadata": {
        "llm_request_count": 0,
        "llm_error_count": 0,
        "llm_tokens_used": 0
      }
    }
  ],
  "debug_data_path": "debug_data\\50024658_Pro"
}