{
  "table_of_contents": [
    {
      "title": "SPC & Magic PDM inbrottslarm",
      "heading_level": null,
      "page_id": 0,
      "polygon": [
        [
          152.98828125,
          23.172119140625
        ],
        [
          380.21484375,
          23.172119140625
        ],
        [
          380.21484375,
          42.6337890625
        ],
        [
          152.98828125,
          42.6337890625
        ]
      ]
    },
    {
      "title": "De b\u00e4sta funktionerna med ut\u00f6kad garanti",
      "heading_level": null,
      "page_id": 0,
      "polygon": [
        [
          71.42679595947266,
          84.90380859375
        ],
        [
          348.427734375,
          84.90380859375
        ],
        [
          348.427734375,
          100.90966796875
        ],
        [
          71.42679595947266,
          100.90966796875
        ]
      ]
    },
    {
      "title": "SPC skyddar f\u00f6retagsfastigheter och tillg\u00e5ngar",
      "heading_level": null,
      "page_id": 0,
      "polygon": [
        [
          16.7138671875,
          348.927734375
        ],
        [
          250.60546875,
          348.927734375
        ],
        [
          250.60546875,
          361.150390625
        ],
        [
          16.7138671875,
          361.150390625
        ]
      ]
    },
    {
      "title": "F\u00f6rb\u00e4ttrad Detektionsteknik",
      "heading_level": null,
      "page_id": 0,
      "polygon": [
        [
          16.64550018310547,
          453.111328125
        ],
        [
          157.5,
          453.111328125
        ],
        [
          157.5,
          465.333984375
        ],
        [
          16.64550018310547,
          465.333984375
        ]
      ]
    }
  ],
  "page_stats": [
    {
      "page_id": 0,
      "text_extraction_method": "pdftext",
      "block_counts": [
        [
          "Span",
          57
        ],
        [
          "Line",
          29
        ],
        [
          "Picture",
          6
        ],
        [
          "Text",
          6
        ],
        [
          "SectionHeader",
          4
        ],
        [
          "Caption",
          2
        ],
        [
          "PictureGroup",
          2
        ]
      ],
      "block_metadata": {
        "llm_request_count": 0,
        "llm_error_count": 0,
        "llm_tokens_used": 0
      }
    }
  ],
  "debug_data_path": "debug_data\\pdm-f\u00f6rl\u00e4ngd-garanti-flyer-draft-1"
}