{
  "table_of_contents": [
    {
      "title": "",
      "heading_level": null,
      "page_id": 0,
      "polygon": [
        [
          1145.95751953125,
          819.798828125
        ],
        [
          1193.841796875,
          819.798828125
        ],
        [
          1193.841796875,
          840.35546875
        ],
        [
          1145.95751953125,
          840.35546875
        ]
      ]
    }
  ],
  "page_stats": [
    {
      "page_id": 0,
      "text_extraction_method": "surya",
      "block_counts": [
        [
          "Line",
          54
        ],
        [
          "Span",
          54
        ],
        [
          "Figure",
          1
        ],
        [
          "SectionHeader",
          1
        ],
        [
          "Text",
          1
        ]
      ],
      "block_metadata": {
        "llm_request_count": 0,
        "llm_error_count": 0,
        "llm_tokens_used": 0
      }
    }
  ],
  "debug_data_path": "debug_data\\50025248_Pro"
}