{
  "table_of_contents": [
    {
      "title": "KSI4102000.300 \nModulo GSM/GPRS per lares wls e lares 4.0\nGSM/GPRS module for lares wls and lares 4.0\nKSI4103000.300",
      "heading_level": null,
      "page_id": 0,
      "polygon": [
        [
          18.40673828125,
          8.126220703125
        ],
        [
          281.412109375,
          8.126220703125
        ],
        [
          281.412109375,
          77.314453125
        ],
        [
          18.40673828125,
          77.314453125
        ]
      ]
    },
    {
      "title": "KSI4200001.300 \nModulo PSTN per lares wls e lares 4.0\nPSTN module for lares wls and lares 4.0",
      "heading_level": null,
      "page_id": 1,
      "polygon": [
        [
          37.46910858154297,
          18.71337890625
        ],
        [
          262.205078125,
          18.71337890625
        ],
        [
          262.205078125,
          63.52764892578125
        ],
        [
          37.46910858154297,
          63.52764892578125
        ]
      ]
    }
  ],
  "page_stats": [
    {
      "page_id": 0,
      "text_extraction_method": "pdftext",
      "block_counts": [
        [
          "Span",
          48
        ],
        [
          "Line",
          25
        ],
        [
          "Text",
          10
        ],
        [
          "Picture",
          3
        ],
        [
          "SectionHeader",
          1
        ]
      ],
      "block_metadata": {
        "llm_request_count": 0,
        "llm_error_count": 0,
        "llm_tokens_used": 0
      }
    },
    {
      "page_id": 1,
      "text_extraction_method": "pdftext",
      "block_counts": [
        [
          "Span",
          31
        ],
        [
          "Line",
          16
        ],
        [
          "Text",
          7
        ],
        [
          "Picture",
          3
        ],
        [
          "SectionHeader",
          1
        ]
      ],
      "block_metadata": {
        "llm_request_count": 0,
        "llm_error_count": 0,
        "llm_tokens_used": 0
      }
    }
  ],
  "debug_data_path": "debug_data\\50153179_ins"
}