{
  "table_of_contents": [
    {
      "title": "Indikeringslampa",
      "heading_level": null,
      "page_id": 0,
      "polygon": [
        [
          246.490234375,
          101.035888671875
        ],
        [
          444.380859375,
          101.035888671875
        ],
        [
          444.380859375,
          127.759521484375
        ],
        [
          246.490234375,
          127.759521484375
        ]
      ]
    },
    {
      "title": "E-nummer: 6308449",
      "heading_level": null,
      "page_id": 0,
      "polygon": [
        [
          246.490234375,
          163.116943359375
        ],
        [
          366.388671875,
          163.116943359375
        ],
        [
          366.388671875,
          176.273193359375
        ],
        [
          246.490234375,
          176.273193359375
        ]
      ]
    },
    {
      "title": "Specifikationer",
      "heading_level": null,
      "page_id": 0,
      "polygon": [
        [
          247.9453125,
          331.7841796875
        ],
        [
          335.541015625,
          331.7841796875
        ],
        [
          335.541015625,
          345.3515625
        ],
        [
          247.9453125,
          345.3515625
        ]
      ]
    }
  ],
  "page_stats": [
    {
      "page_id": 0,
      "text_extraction_method": "pdftext",
      "block_counts": [
        [
          "Span",
          49
        ],
        [
          "Line",
          19
        ],
        [
          "TableCell",
          8
        ],
        [
          "SectionHeader",
          3
        ],
        [
          "PageFooter",
          3
        ],
        [
          "Picture",
          2
        ],
        [
          "Text",
          2
        ],
        [
          "Table",
          1
        ]
      ],
      "block_metadata": {
        "llm_request_count": 0,
        "llm_error_count": 0,
        "llm_tokens_used": 0
      }
    }
  ],
  "debug_data_path": "debug_data\\IndikeringslampaCopiaxhttpswwwcopiaxse  doc  50462358_pro_-2983238506532589731"
}