{
  "table_of_contents": [
    {
      "title": "3071",
      "heading_level": null,
      "page_id": 0,
      "polygon": [
        [
          62.727272033691406,
          65.3701171875
        ],
        [
          125.1708984375,
          65.3701171875
        ],
        [
          125.1708984375,
          89.626953125
        ],
        [
          62.727272033691406,
          89.626953125
        ]
      ]
    },
    {
      "title": "S\u00c4KRINGSPLINT 10-30 V DC/AC",
      "heading_level": null,
      "page_id": 0,
      "polygon": [
        [
          62.35009765625,
          140.81298828125
        ],
        [
          348.0546875,
          140.81298828125
        ],
        [
          348.0546875,
          163.42529296875
        ],
        [
          62.35009765625,
          163.42529296875
        ]
      ]
    },
    {
      "title": "Produktdetajler:",
      "heading_level": null,
      "page_id": 0,
      "polygon": [
        [
          62.7138671875,
          224.478515625
        ],
        [
          159.08726501464844,
          224.478515625
        ],
        [
          159.08726501464844,
          236.8125
        ],
        [
          62.7138671875,
          236.8125
        ]
      ]
    },
    {
      "title": "BEST\u00c4LLINGSINFORMATION",
      "heading_level": null,
      "page_id": 0,
      "polygon": [
        [
          62.64111328125,
          652.87890625
        ],
        [
          179.265625,
          652.87890625
        ],
        [
          179.265625,
          663.568359375
        ],
        [
          62.64111328125,
          663.568359375
        ]
      ]
    }
  ],
  "page_stats": [
    {
      "page_id": 0,
      "text_extraction_method": "pdftext",
      "block_counts": [
        [
          "Span",
          81
        ],
        [
          "Line",
          25
        ],
        [
          "TableCell",
          16
        ],
        [
          "Text",
          10
        ],
        [
          "SectionHeader",
          4
        ],
        [
          "Picture",
          2
        ],
        [
          "PageHeader",
          1
        ],
        [
          "Table",
          1
        ],
        [
          "Figure",
          1
        ],
        [
          "PageFooter",
          1
        ]
      ],
      "block_metadata": {
        "llm_request_count": 0,
        "llm_error_count": 0,
        "llm_tokens_used": 0
      }
    }
  ],
  "debug_data_path": "debug_data\\50156095_pro"
}