{
  "table_of_contents": [
    {
      "title": "",
      "heading_level": null,
      "page_id": 0,
      "polygon": [
        [
          25.8499755859375,
          18.4249267578125
        ],
        [
          206.59423828125,
          18.4249267578125
        ],
        [
          206.59423828125,
          59.3671875
        ],
        [
          25.8499755859375,
          59.3671875
        ]
      ]
    },
    {
      "title": "WKP-SIM-man\u00f6verpanel med TAG\nSNABBGUIDE",
      "heading_level": null,
      "page_id": 0,
      "polygon": [
        [
          272.5810546875,
          20.6802978515625
        ],
        [
          564.4853515625,
          20.6802978515625
        ],
        [
          564.4853515625,
          64.0950927734375
        ],
        [
          272.5810546875,
          64.0950927734375
        ]
      ]
    }
  ],
  "page_stats": [
    {
      "page_id": 0,
      "text_extraction_method": "pdftext",
      "block_counts": [
        [
          "Span",
          368
        ],
        [
          "Line",
          150
        ],
        [
          "SectionHeader",
          2
        ],
        [
          "PageHeader",
          1
        ],
        [
          "Figure",
          1
        ]
      ],
      "block_metadata": {
        "llm_request_count": 0,
        "llm_error_count": 0,
        "llm_tokens_used": 0
      }
    },
    {
      "page_id": 1,
      "text_extraction_method": "pdftext",
      "block_counts": [
        [
          "Span",
          400
        ],
        [
          "Line",
          137
        ],
        [
          "Figure",
          1
        ],
        [
          "Text",
          1
        ],
        [
          "PageFooter",
          1
        ]
      ],
      "block_metadata": {
        "llm_request_count": 0,
        "llm_error_count": 0,
        "llm_tokens_used": 0
      }
    }
  ],
  "debug_data_path": "debug_data\\50156266_man"
}