{
  "table_of_contents": [
    {
      "title": "US SERIES\nUS 12-1.2 (12V1.2AH",
      "heading_level": null,
      "page_id": 0,
      "polygon": [
        [
          289.365234375,
          48.89910888671875
        ],
        [
          485.1806640625,
          48.89910888671875
        ],
        [
          485.1806640625,
          108.847412109375
        ],
        [
          289.365234375,
          108.847412109375
        ]
      ]
    },
    {
      "title": "General Features",
      "heading_level": null,
      "page_id": 0,
      "polygon": [
        [
          264.815673828125,
          115.46571682991986
        ],
        [
          363.44458438287154,
          115.46571682991986
        ],
        [
          363.44458438287154,
          128.96170970614426
        ],
        [
          264.815673828125,
          128.96170970614426
        ]
      ]
    },
    {
      "title": "Dimensi ons",
      "heading_level": null,
      "page_id": 1,
      "polygon": [
        [
          37.468513853904284,
          59.305908203125
        ],
        [
          109.674072265625,
          59.305908203125
        ],
        [
          109.674072265625,
          71.74267578125
        ],
        [
          37.468513853904284,
          71.74267578125
        ]
      ]
    }
  ],
  "page_stats": [
    {
      "page_id": 0,
      "text_extraction_method": "surya",
      "block_counts": [
        [
          "TableCell",
          312
        ],
        [
          "Line",
          12
        ],
        [
          "Span",
          12
        ],
        [
          "ListItem",
          7
        ],
        [
          "Table",
          5
        ],
        [
          "Picture",
          4
        ],
        [
          "SectionHeader",
          2
        ],
        [
          "Text",
          1
        ],
        [
          "ListGroup",
          1
        ]
      ],
      "block_metadata": {
        "llm_request_count": 0,
        "llm_error_count": 0,
        "llm_tokens_used": 0
      }
    },
    {
      "page_id": 1,
      "text_extraction_method": "surya",
      "block_counts": [
        [
          "Line",
          180
        ],
        [
          "Span",
          180
        ],
        [
          "Figure",
          5
        ],
        [
          "Text",
          5
        ],
        [
          "SectionHeader",
          1
        ]
      ],
      "block_metadata": {
        "llm_request_count": 0,
        "llm_error_count": 0,
        "llm_tokens_used": 0
      }
    }
  ],
  "debug_data_path": "debug_data\\uplus us12-1212v12ah_4438540931855840710"
}