{
  "table_of_contents": [
    {
      "title": "Flip-up handtag",
      "heading_level": null,
      "page_id": 1,
      "polygon": [
        [
          375.94140625,
          109.47216796874999
        ],
        [
          454.3623046875,
          109.47216796874999
        ],
        [
          454.3623046875,
          121.84545898437499
        ],
        [
          375.94140625,
          121.84545898437499
        ]
      ]
    },
    {
      "title": "",
      "heading_level": null,
      "page_id": 1,
      "polygon": [
        [
          376.24072265625,
          627.47265625
        ],
        [
          503.15087890625,
          627.47265625
        ],
        [
          503.15087890625,
          644.25
        ],
        [
          376.24072265625,
          644.25
        ]
      ]
    }
  ],
  "page_stats": [
    {
      "page_id": 0,
      "text_extraction_method": "pdftext",
      "block_counts": [
        [
          "Span",
          5
        ],
        [
          "Line",
          3
        ],
        [
          "Picture",
          2
        ],
        [
          "Text",
          1
        ]
      ],
      "block_metadata": {
        "llm_request_count": 0,
        "llm_error_count": 0,
        "llm_tokens_used": 0
      }
    },
    {
      "page_id": 1,
      "text_extraction_method": "pdftext",
      "block_counts": [
        [
          "Span",
          85
        ],
        [
          "Line",
          46
        ],
        [
          "Picture",
          10
        ],
        [
          "Text",
          10
        ],
        [
          "PageHeader",
          2
        ],
        [
          "SectionHeader",
          2
        ],
        [
          "PageFooter",
          1
        ]
      ],
      "block_metadata": {
        "llm_request_count": 0,
        "llm_error_count": 0,
        "llm_tokens_used": 0
      }
    }
  ],
  "debug_data_path": "debug_data\\50131325_PRO"
}