{
  "table_of_contents": [
    {
      "title": "AirKey-v\u00e4ggl\u00e4sare | Ram f\u00f6r utanp\u00e5liggande montering, ram f\u00f6r\ninf\u00e4lld montering",
      "heading_level": null,
      "page_id": 0,
      "polygon": [
        [
          26.3369140625,
          92.5562744140625
        ],
        [
          518.0078125,
          92.5562744140625
        ],
        [
          518.0078125,
          146.80706787109375
        ],
        [
          26.3369140625,
          146.80706787109375
        ]
      ]
    },
    {
      "title": "",
      "heading_level": null,
      "page_id": 0,
      "polygon": [
        [
          29.90185546875,
          387.49267578125
        ],
        [
          128.84716796875,
          387.49267578125
        ],
        [
          128.84716796875,
          487.603515625
        ],
        [
          29.90185546875,
          487.603515625
        ]
      ]
    },
    {
      "title": "Product description SE",
      "heading_level": null,
      "page_id": 0,
      "polygon": [
        [
          254.4931640625,
          164.8642578125
        ],
        [
          355.656982421875,
          164.8642578125
        ],
        [
          355.656982421875,
          176.07232666015625
        ],
        [
          254.4931640625,
          176.07232666015625
        ]
      ]
    },
    {
      "title": "Dimensional drawing SE",
      "heading_level": null,
      "page_id": 1,
      "polygon": [
        [
          254.9296875,
          95.3828125
        ],
        [
          360.9579772949219,
          95.3828125
        ],
        [
          360.9579772949219,
          106.8992919921875
        ],
        [
          254.9296875,
          106.8992919921875
        ]
      ]
    }
  ],
  "page_stats": [
    {
      "page_id": 0,
      "text_extraction_method": "pdftext",
      "block_counts": [
        [
          "Span",
          106
        ],
        [
          "Line",
          40
        ],
        [
          "TableCell",
          32
        ],
        [
          "Picture",
          5
        ],
        [
          "SectionHeader",
          3
        ],
        [
          "PageFooter",
          2
        ],
        [
          "PageHeader",
          1
        ],
        [
          "Text",
          1
        ],
        [
          "Table",
          1
        ]
      ],
      "block_metadata": {
        "llm_request_count": 0,
        "llm_error_count": 0,
        "llm_tokens_used": 0
      }
    },
    {
      "page_id": 1,
      "text_extraction_method": "pdftext",
      "block_counts": [
        [
          "Span",
          9
        ],
        [
          "Line",
          4
        ],
        [
          "PageFooter",
          2
        ],
        [
          "PageHeader",
          1
        ],
        [
          "Picture",
          1
        ],
        [
          "SectionHeader",
          1
        ],
        [
          "Figure",
          1
        ],
        [
          "Text",
          1
        ]
      ],
      "block_metadata": {
        "llm_request_count": 0,
        "llm_error_count": 0,
        "llm_tokens_used": 0
      }
    }
  ],
  "debug_data_path": "debug_data\\50143072_pro"
}