{
  "table_of_contents": [
    {
      "title": "RWC-BEH\u00d6R ASSA 9567T\nH\u00d6 RFR",
      "heading_level": null,
      "page_id": 0,
      "polygon": [
        [
          244.0166015625,
          101.138671875
        ],
        [
          546.52734375,
          101.138671875
        ],
        [
          546.52734375,
          158.3658447265625
        ],
        [
          244.0166015625,
          158.3658447265625
        ]
      ]
    },
    {
      "title": "Egenskaper",
      "heading_level": null,
      "page_id": 0,
      "polygon": [
        [
          245.908203125,
          284.29833984375
        ],
        [
          312.259765625,
          284.29833984375
        ],
        [
          312.259765625,
          296.9129638671875
        ],
        [
          245.908203125,
          296.9129638671875
        ]
      ]
    },
    {
      "title": "Specifikation",
      "heading_level": null,
      "page_id": 0,
      "polygon": [
        [
          248.52734375,
          565.71875
        ],
        [
          324.19140625,
          565.71875
        ],
        [
          324.19140625,
          577.4789428710938
        ],
        [
          248.52734375,
          577.4789428710938
        ]
      ]
    }
  ],
  "page_stats": [
    {
      "page_id": 0,
      "text_extraction_method": "pdftext",
      "block_counts": [
        [
          "Span",
          74
        ],
        [
          "Line",
          30
        ],
        [
          "TableCell",
          10
        ],
        [
          "ListItem",
          9
        ],
        [
          "Text",
          4
        ],
        [
          "SectionHeader",
          3
        ],
        [
          "PageFooter",
          3
        ],
        [
          "Picture",
          2
        ],
        [
          "Table",
          1
        ],
        [
          "ListGroup",
          1
        ]
      ],
      "block_metadata": {
        "llm_request_count": 0,
        "llm_error_count": 0,
        "llm_tokens_used": 0
      }
    }
  ],
  "debug_data_path": "debug_data\\RWC-BEH\u00d6R ASSA 9567T H\u00d6 RFR-2024-09-28"
}