{
  "table_of_contents": [
    {
      "title": "Tekniskt produktblad JCK227",
      "heading_level": null,
      "page_id": 0,
      "polygon": [
        [
          104.23949198669489,
          68.87446057342882
        ],
        [
          935.155730269126,
          68.87446057342882
        ],
        [
          936.65557907469,
          134.1239495377298
        ],
        [
          105.73934079225884,
          134.1239495377298
        ]
      ]
    },
    {
      "title": "H\u00e5lbildsritning:",
      "heading_level": null,
      "page_id": 0,
      "polygon": [
        [
          104.98941638947686,
          1130.5517515498077
        ],
        [
          503.94919866948896,
          1130.5517515498077
        ],
        [
          503.94919866948896,
          1188.551297295853
        ],
        [
          104.98941638947686,
          1188.551297295853
        ]
      ]
    },
    {
      "title": "* Kontrastr\u00e4nder",
      "heading_level": null,
      "page_id": 0,
      "polygon": [
        [
          1772.821288176595,
          2815.4652850610573
        ],
        [
          2139.7265625,
          2815.4652850610573
        ],
        [
          2139.7265625,
          2864.8051764075194
        ],
        [
          1772.821288176595,
          2864.8051764075194
        ]
      ]
    },
    {
      "title": "OBS.",
      "heading_level": null,
      "page_id": 0,
      "polygon": [
        [
          1338.61505896583,
          3040.4551896009248
        ],
        [
          1479.765625,
          3040.4551896009248
        ],
        [
          1479.765625,
          3094.926429647419
        ],
        [
          1338.61505896583,
          3094.926429647419
        ]
      ]
    }
  ],
  "page_stats": [
    {
      "page_id": 0,
      "text_extraction_method": "surya",
      "block_counts": [
        [
          "Line",
          47
        ],
        [
          "Span",
          47
        ],
        [
          "Text",
          8
        ],
        [
          "SectionHeader",
          4
        ],
        [
          "ListItem",
          4
        ],
        [
          "Picture",
          3
        ],
        [
          "Figure",
          1
        ],
        [
          "ListGroup",
          1
        ]
      ],
      "block_metadata": {
        "llm_request_count": 0,
        "llm_error_count": 0,
        "llm_tokens_used": 0
      }
    }
  ],
  "debug_data_path": "debug_data\\50155019_pro"
}