{
  "table_of_contents": [
    {
      "title": "DATA SHEET",
      "heading_level": null,
      "page_id": 0,
      "polygon": [
        [
          47.07177734375,
          111.005859375
        ],
        [
          147.1645050048828,
          111.005859375
        ],
        [
          147.1645050048828,
          131.770751953125
        ],
        [
          47.07177734375,
          131.770751953125
        ]
      ]
    },
    {
      "title": "NO MERCURY ADDED",
      "heading_level": null,
      "page_id": 0,
      "polygon": [
        [
          33.939697265625,
          155.099853515625
        ],
        [
          157.8759765625,
          155.099853515625
        ],
        [
          157.8759765625,
          170.67694091796875
        ],
        [
          33.939697265625,
          170.67694091796875
        ]
      ]
    },
    {
      "title": "Discharge curve:",
      "heading_level": null,
      "page_id": 0,
      "polygon": [
        [
          27.41309928894043,
          517.205078125
        ],
        [
          119.85709381103516,
          517.205078125
        ],
        [
          119.85709381103516,
          530.361328125
        ],
        [
          27.41309928894043,
          530.361328125
        ]
      ]
    },
    {
      "title": "",
      "heading_level": null,
      "page_id": 0,
      "polygon": [
        [
          35.3583984375,
          782.3857421875
        ],
        [
          137.7958984375,
          782.3857421875
        ],
        [
          137.7958984375,
          793.0751953125
        ],
        [
          35.3583984375,
          793.0751953125
        ]
      ]
    }
  ],
  "page_stats": [
    {
      "page_id": 0,
      "text_extraction_method": "pdftext",
      "block_counts": [
        [
          "Span",
          304
        ],
        [
          "Line",
          86
        ],
        [
          "TableCell",
          52
        ],
        [
          "SectionHeader",
          4
        ],
        [
          "Picture",
          3
        ],
        [
          "Table",
          3
        ],
        [
          "Text",
          3
        ],
        [
          "Figure",
          2
        ],
        [
          "PageHeader",
          1
        ]
      ],
      "block_metadata": {
        "llm_request_count": 0,
        "llm_error_count": 0,
        "llm_tokens_used": 0
      }
    }
  ],
  "debug_data_path": "debug_data\\50464573_pro"
}