{
  "table_of_contents": [
    {
      "title": "Produktdatablad\nNew York\n1810/42FI",
      "heading_level": null,
      "page_id": 0,
      "polygon": [
        [
          69.62548828125,
          100.4705810546875
        ],
        [
          231.939453125,
          100.4705810546875
        ],
        [
          231.939453125,
          173.9320068359375
        ],
        [
          69.62548828125,
          173.9320068359375
        ]
      ]
    },
    {
      "title": "",
      "heading_level": null,
      "page_id": 0,
      "polygon": [
        [
          471.4453125,
          127.0400390625
        ],
        [
          566.8984375,
          127.0400390625
        ],
        [
          566.8984375,
          154.79150390625
        ],
        [
          471.4453125,
          154.79150390625
        ]
      ]
    },
    {
      "title": "",
      "heading_level": null,
      "page_id": 0,
      "polygon": [
        [
          300.91015625,
          197.96044921875
        ],
        [
          395.19921875,
          197.96044921875
        ],
        [
          395.19921875,
          215.63916015625
        ],
        [
          300.91015625,
          215.63916015625
        ]
      ]
    }
  ],
  "page_stats": [
    {
      "page_id": 0,
      "text_extraction_method": "pdftext",
      "block_counts": [
        [
          "Span",
          83
        ],
        [
          "Line",
          34
        ],
        [
          "TableCell",
          24
        ],
        [
          "ListItem",
          4
        ],
        [
          "Picture",
          3
        ],
        [
          "SectionHeader",
          3
        ],
        [
          "Text",
          1
        ],
        [
          "Figure",
          1
        ],
        [
          "Table",
          1
        ],
        [
          "PageHeader",
          1
        ],
        [
          "PageFooter",
          1
        ],
        [
          "ListGroup",
          1
        ]
      ],
      "block_metadata": {
        "llm_request_count": 0,
        "llm_error_count": 0,
        "llm_tokens_used": 0
      }
    }
  ],
  "debug_data_path": "debug_data\\50153323_pro"
}