{
  "table_of_contents": [
    {
      "title": "MC 300-S32",
      "heading_level": null,
      "page_id": 0,
      "polygon": [
        [
          61.62255859375,
          65.16455078125
        ],
        [
          201.77452087402344,
          65.16455078125
        ],
        [
          201.77452087402344,
          88.44635009765625
        ],
        [
          61.62255859375,
          88.44635009765625
        ]
      ]
    },
    {
      "title": "Plastadapter med stark magnet\nf\u00f6r MC 340, 346, 347",
      "heading_level": null,
      "page_id": 0,
      "polygon": [
        [
          61.91357421875,
          142.251953125
        ],
        [
          352.419921875,
          142.251953125
        ],
        [
          352.419921875,
          185.83203125
        ],
        [
          61.91357421875,
          185.83203125
        ]
      ]
    },
    {
      "title": "Produktdetajler:",
      "heading_level": null,
      "page_id": 0,
      "polygon": [
        [
          62.27734375,
          270.1142578125
        ],
        [
          159.08726501464844,
          270.1142578125
        ],
        [
          159.08726501464844,
          282.037109375
        ],
        [
          62.27734375,
          282.037109375
        ]
      ]
    }
  ],
  "page_stats": [
    {
      "page_id": 0,
      "text_extraction_method": "pdftext",
      "block_counts": [
        [
          "Span",
          65
        ],
        [
          "Line",
          20
        ],
        [
          "TableCell",
          10
        ],
        [
          "Text",
          5
        ],
        [
          "SectionHeader",
          3
        ],
        [
          "Picture",
          2
        ],
        [
          "PageHeader",
          1
        ],
        [
          "Table",
          1
        ],
        [
          "Figure",
          1
        ],
        [
          "PageFooter",
          1
        ]
      ],
      "block_metadata": {
        "llm_request_count": 0,
        "llm_error_count": 0,
        "llm_tokens_used": 0
      }
    }
  ],
  "debug_data_path": "debug_data\\50090596_pro"
}