{
  "table_of_contents": [
    {
      "title": "",
      "heading_level": null,
      "page_id": 0,
      "polygon": [
        [
          899.834941729043,
          691.2265625
        ],
        [
          906.3315125080017,
          691.2265625
        ],
        [
          906.3315125080017,
          697.9375
        ],
        [
          899.834941729043,
          697.9375
        ]
      ]
    }
  ],
  "page_stats": [
    {
      "page_id": 0,
      "text_extraction_method": "pdftext",
      "block_counts": [
        [
          "Span",
          711
        ],
        [
          "Line",
          318
        ],
        [
          "Text",
          17
        ],
        [
          "Figure",
          1
        ],
        [
          "SectionHeader",
          1
        ],
        [
          "PageFooter",
          1
        ]
      ],
      "block_metadata": {
        "llm_request_count": 0,
        "llm_error_count": 0,
        "llm_tokens_used": 0
      }
    }
  ],
  "debug_data_path": "debug_data\\Security RadarCopiaxhttpswwwcopiaxse  doc  50151131_ins_-3076283694298772641"
}