{
  "table_of_contents": [
    {
      "title": "DIO-5084 GEN2 LK 2",
      "heading_level": null,
      "page_id": 0,
      "polygon": [
        [
          29.17431640625,
          135.159912109375
        ],
        [
          244.744140625,
          135.159912109375
        ],
        [
          244.744140625,
          161.472412109375
        ],
        [
          29.17431640625,
          161.472412109375
        ]
      ]
    }
  ],
  "page_stats": [
    {
      "page_id": 0,
      "text_extraction_method": "pdftext",
      "block_counts": [
        [
          "Line",
          61
        ],
        [
          "Span",
          61
        ],
        [
          "TableCell",
          20
        ],
        [
          "Text",
          7
        ],
        [
          "Picture",
          2
        ],
        [
          "SectionHeader",
          1
        ],
        [
          "Table",
          1
        ],
        [
          "PageFooter",
          1
        ]
      ],
      "block_metadata": {
        "llm_request_count": 0,
        "llm_error_count": 0,
        "llm_tokens_used": 0
      }
    }
  ],
  "debug_data_path": "debug_data\\DIO-5084 GEN2 LK 2copiaxsehttpscopiaxse  images  doc  50463765_PRO_-7067803654265824012"
}