{
  "table_of_contents": [
    {
      "title": "BRANDSL\u00c4CKARE \n2 KG\nTang PD2",
      "heading_level": null,
      "page_id": 0,
      "polygon": [
        [
          35.6494140625,
          50.90338134765625
        ],
        [
          305.93072509765625,
          50.90338134765625
        ],
        [
          305.93072509765625,
          154.38037109375
        ],
        [
          35.6494140625,
          154.38037109375
        ]
      ]
    },
    {
      "title": "TEKNISK DATA",
      "heading_level": null,
      "page_id": 0,
      "polygon": [
        [
          30.96739959716797,
          650.0009765625
        ],
        [
          97.0537109375,
          650.0009765625
        ],
        [
          97.0537109375,
          661.5126953125
        ],
        [
          30.96739959716797,
          661.5126953125
        ]
      ]
    },
    {
      "title": "",
      "heading_level": null,
      "page_id": 0,
      "polygon": [
        [
          471.154296875,
          22.48382568359375
        ],
        [
          568.935546875,
          22.48382568359375
        ],
        [
          568.935546875,
          113.0615234375
        ],
        [
          471.154296875,
          113.0615234375
        ]
      ]
    }
  ],
  "page_stats": [
    {
      "page_id": 0,
      "text_extraction_method": "pdftext",
      "block_counts": [
        [
          "Span",
          96
        ],
        [
          "Line",
          34
        ],
        [
          "TableCell",
          24
        ],
        [
          "ListItem",
          6
        ],
        [
          "Text",
          5
        ],
        [
          "SectionHeader",
          3
        ],
        [
          "Table",
          1
        ],
        [
          "ListGroup",
          1
        ]
      ],
      "block_metadata": {
        "llm_request_count": 0,
        "llm_error_count": 0,
        "llm_tokens_used": 0
      }
    }
  ],
  "debug_data_path": "debug_data\\50154969_pro"
}