{
  "table_of_contents": [
    {
      "title": "TRYGGA HEM",
      "heading_level": null,
      "page_id": 0,
      "polygon": [
        [
          396.6307067871094,
          25.760040283203125
        ],
        [
          568.0625,
          25.760040283203125
        ],
        [
          568.0625,
          55.7598876953125
        ],
        [
          396.6307067871094,
          55.7598876953125
        ]
      ]
    },
    {
      "title": "FB-120 VMD\nBRANDFILT VIT, 120 CM",
      "heading_level": null,
      "page_id": 0,
      "polygon": [
        [
          36.83100128173828,
          97.130126953125
        ],
        [
          373.6640625,
          97.130126953125
        ],
        [
          373.6640625,
          164.144775390625
        ],
        [
          36.83100128173828,
          164.144775390625
        ]
      ]
    },
    {
      "title": "TEKNISK DATA",
      "heading_level": null,
      "page_id": 0,
      "polygon": [
        [
          39.94189453125,
          691.9365234375
        ],
        [
          109.64013671875,
          691.9365234375
        ],
        [
          109.64013671875,
          703.6211700439453
        ],
        [
          39.94189453125,
          703.6211700439453
        ]
      ]
    }
  ],
  "page_stats": [
    {
      "page_id": 0,
      "text_extraction_method": "pdftext",
      "block_counts": [
        [
          "Span",
          75
        ],
        [
          "Line",
          30
        ],
        [
          "TableCell",
          12
        ],
        [
          "SectionHeader",
          3
        ],
        [
          "Text",
          3
        ],
        [
          "ListItem",
          3
        ],
        [
          "Picture",
          2
        ],
        [
          "Table",
          1
        ],
        [
          "ListGroup",
          1
        ]
      ],
      "block_metadata": {
        "llm_request_count": 0,
        "llm_error_count": 0,
        "llm_tokens_used": 0
      }
    }
  ],
  "debug_data_path": "debug_data\\50461562_PRO"
}