{
  "table_of_contents": [
    {
      "title": "Produktbeskrivning:",
      "heading_level": null,
      "page_id": 0,
      "polygon": [
        [
          70.680419921875,
          369.6083984375
        ],
        [
          156.94813537597656,
          369.6083984375
        ],
        [
          156.94813537597656,
          381.94000244140625
        ],
        [
          70.680419921875,
          381.94000244140625
        ]
      ]
    },
    {
      "title": "SPECIFIKATION",
      "heading_level": null,
      "page_id": 0,
      "polygon": [
        [
          70.462158203125,
          582.1640625
        ],
        [
          152.4921875,
          582.1640625
        ],
        [
          152.4921875,
          594.498046875
        ],
        [
          70.462158203125,
          594.498046875
        ]
      ]
    },
    {
      "title": "MOTTAGARE:",
      "heading_level": null,
      "page_id": 0,
      "polygon": [
        [
          70.06201171875,
          595.3203125
        ],
        [
          143.2730255126953,
          595.3203125
        ],
        [
          143.2730255126953,
          606.8934173583984
        ],
        [
          70.06201171875,
          606.8934173583984
        ]
      ]
    },
    {
      "title": "S\u00c4NDARE (LMLT-711):",
      "heading_level": null,
      "page_id": 0,
      "polygon": [
        [
          69.9892578125,
          714.9599609375
        ],
        [
          182.466796875,
          714.9599609375
        ],
        [
          182.466796875,
          728.1162109375
        ],
        [
          69.9892578125,
          728.1162109375
        ]
      ]
    }
  ],
  "page_stats": [
    {
      "page_id": 0,
      "text_extraction_method": "pdftext",
      "block_counts": [
        [
          "Span",
          62
        ],
        [
          "Line",
          31
        ],
        [
          "ListItem",
          7
        ],
        [
          "Text",
          6
        ],
        [
          "SectionHeader",
          4
        ],
        [
          "Picture",
          2
        ],
        [
          "ListGroup",
          1
        ]
      ],
      "block_metadata": {
        "llm_request_count": 0,
        "llm_error_count": 0,
        "llm_tokens_used": 0
      }
    }
  ],
  "debug_data_path": "debug_data\\50100976_produktblad"
}