{
  "table_of_contents": [
    {
      "title": "R-COD 500",
      "heading_level": null,
      "page_id": 0,
      "polygon": [
        [
          229.3795166015625,
          57.5928955078125
        ],
        [
          501.63836669921875,
          55.9503173828125
        ],
        [
          501.63836669921875,
          107.368896484375
        ],
        [
          229.3795166015625,
          108.1021728515625
        ]
      ]
    },
    {
      "title": "Funktioner R-COD 500",
      "heading_level": null,
      "page_id": 1,
      "polygon": [
        [
          271.2554931640625,
          46.171844482421875
        ],
        [
          466.005859375,
          46.171844482421875
        ],
        [
          466.005859375,
          66.2164306640625
        ],
        [
          271.2554931640625,
          66.2164306640625
        ]
      ]
    },
    {
      "title": "Tekniska data",
      "heading_level": null,
      "page_id": 1,
      "polygon": [
        [
          304.47265625,
          536.3017578125
        ],
        [
          429.98046875,
          536.3017578125
        ],
        [
          429.98046875,
          555.3619689941406
        ],
        [
          304.47265625,
          555.3619689941406
        ]
      ]
    }
  ],
  "page_stats": [
    {
      "page_id": 0,
      "text_extraction_method": "pdftext",
      "block_counts": [
        [
          "Span",
          47
        ],
        [
          "Line",
          24
        ],
        [
          "Text",
          6
        ],
        [
          "SectionHeader",
          1
        ],
        [
          "Picture",
          1
        ]
      ],
      "block_metadata": {
        "llm_request_count": 0,
        "llm_error_count": 0,
        "llm_tokens_used": 0
      }
    },
    {
      "page_id": 1,
      "text_extraction_method": "pdftext",
      "block_counts": [
        [
          "Span",
          96
        ],
        [
          "Line",
          40
        ],
        [
          "TableCell",
          24
        ],
        [
          "ListItem",
          9
        ],
        [
          "Picture",
          4
        ],
        [
          "SectionHeader",
          2
        ],
        [
          "Caption",
          2
        ],
        [
          "PictureGroup",
          2
        ],
        [
          "Text",
          1
        ],
        [
          "Figure",
          1
        ],
        [
          "Table",
          1
        ],
        [
          "PageFooter",
          1
        ],
        [
          "ListGroup",
          1
        ]
      ],
      "block_metadata": {
        "llm_request_count": 0,
        "llm_error_count": 0,
        "llm_tokens_used": 0
      }
    }
  ],
  "debug_data_path": "debug_data\\R-COD500_prodblad"
}