{
  "table_of_contents": [
    {
      "title": "OLDA 600 HZA - type 2 - automatic frame bolt",
      "heading_level": null,
      "page_id": 0,
      "polygon": [
        [
          20.25,
          17.24487978628673
        ],
        [
          480.75,
          17.24487978628673
        ],
        [
          480.75,
          41.237756010685665
        ],
        [
          20.25,
          41.237756010685665
        ]
      ]
    },
    {
      "title": "mounting guide - internal fitting",
      "heading_level": null,
      "page_id": 0,
      "polygon": [
        [
          915.0,
          23.243098842386463
        ],
        [
          1143.0,
          23.243098842386463
        ],
        [
          1143.0,
          40.599365234375
        ],
        [
          915.0,
          40.599365234375
        ]
      ]
    }
  ],
  "page_stats": [
    {
      "page_id": 0,
      "text_extraction_method": "surya",
      "block_counts": [
        [
          "Line",
          48
        ],
        [
          "Span",
          42
        ],
        [
          "SectionHeader",
          2
        ],
        [
          "PageFooter",
          2
        ],
        [
          "Figure",
          1
        ],
        [
          "Picture",
          1
        ]
      ],
      "block_metadata": {
        "llm_request_count": 0,
        "llm_error_count": 0,
        "llm_tokens_used": 0
      }
    }
  ],
  "debug_data_path": "debug_data\\50463400_INS"
}