{
  "table_of_contents": [
    {
      "title": "Produktdatablad\nStockholm\n1140/42FI/42FIS",
      "heading_level": null,
      "page_id": 0,
      "polygon": [
        [
          70.42578125,
          100.624755859375
        ],
        [
          231.939453125,
          100.624755859375
        ],
        [
          231.939453125,
          173.9320068359375
        ],
        [
          70.42578125,
          173.9320068359375
        ]
      ]
    },
    {
      "title": "",
      "heading_level": null,
      "page_id": 0,
      "polygon": [
        [
          472.02734375,
          127.65673828125
        ],
        [
          567.48046875,
          127.65673828125
        ],
        [
          567.48046875,
          154.79150390625
        ],
        [
          472.02734375,
          154.79150390625
        ]
      ]
    },
    {
      "title": "",
      "heading_level": null,
      "page_id": 0,
      "polygon": [
        [
          300.328125,
          196.9326171875
        ],
        [
          395.19921875,
          196.9326171875
        ],
        [
          395.19921875,
          215.22802734375
        ],
        [
          300.328125,
          215.22802734375
        ]
      ]
    }
  ],
  "page_stats": [
    {
      "page_id": 0,
      "text_extraction_method": "pdftext",
      "block_counts": [
        [
          "Span",
          87
        ],
        [
          "Line",
          27
        ],
        [
          "TableCell",
          26
        ],
        [
          "ListItem",
          4
        ],
        [
          "Picture",
          3
        ],
        [
          "SectionHeader",
          3
        ],
        [
          "Table",
          1
        ],
        [
          "Text",
          1
        ],
        [
          "Figure",
          1
        ],
        [
          "PageHeader",
          1
        ],
        [
          "PageFooter",
          1
        ],
        [
          "ListGroup",
          1
        ]
      ],
      "block_metadata": {
        "llm_request_count": 0,
        "llm_error_count": 0,
        "llm_tokens_used": 0
      }
    }
  ],
  "debug_data_path": "debug_data\\Produktdatablad Stockholmcopiaxsehttpscopiaxse  images  doc  50464824_pro_247641716111961961"
}