{
  "table_of_contents": [
    {
      "title": "MC 440",
      "heading_level": null,
      "page_id": 0,
      "polygon": [
        [
          61.5498046875,
          66.6285400390625
        ],
        [
          152.28988647460938,
          66.6285400390625
        ],
        [
          152.28988647460938,
          88.446533203125
        ],
        [
          61.5498046875,
          88.446533203125
        ]
      ]
    },
    {
      "title": "Magnetkontakt utanp\u00e5liggande, NC",
      "heading_level": null,
      "page_id": 0,
      "polygon": [
        [
          61.5498046875,
          142.04638671875
        ],
        [
          386.3120422363281,
          142.04638671875
        ],
        [
          386.3120422363281,
          163.630859375
        ],
        [
          61.5498046875,
          163.630859375
        ]
      ]
    },
    {
      "title": "Produktdetajler:",
      "heading_level": null,
      "page_id": 0,
      "polygon": [
        [
          62.35009765625,
          240.30712890625
        ],
        [
          159.08799743652344,
          240.30712890625
        ],
        [
          159.08799743652344,
          252.64111328125
        ],
        [
          62.35009765625,
          252.64111328125
        ]
      ]
    },
    {
      "title": "Relaterade produkter och tillbeh\u00f6r:",
      "heading_level": null,
      "page_id": 1,
      "polygon": [
        [
          58.42138671875,
          60.64208984375
        ],
        [
          300.61199951171875,
          60.64208984375
        ],
        [
          300.61199951171875,
          74.928955078125
        ],
        [
          58.42138671875,
          74.928955078125
        ]
      ]
    }
  ],
  "page_stats": [
    {
      "page_id": 0,
      "text_extraction_method": "pdftext",
      "block_counts": [
        [
          "Span",
          129
        ],
        [
          "TableCell",
          55
        ],
        [
          "Line",
          38
        ],
        [
          "Picture",
          3
        ],
        [
          "SectionHeader",
          3
        ],
        [
          "Table",
          2
        ],
        [
          "Text",
          2
        ],
        [
          "PageHeader",
          1
        ],
        [
          "Figure",
          1
        ],
        [
          "PageFooter",
          1
        ]
      ],
      "block_metadata": {
        "llm_request_count": 0,
        "llm_error_count": 0,
        "llm_tokens_used": 0
      }
    },
    {
      "page_id": 1,
      "text_extraction_method": "pdftext",
      "block_counts": [
        [
          "Span",
          51
        ],
        [
          "Line",
          27
        ],
        [
          "TableCell",
          10
        ],
        [
          "PageHeader",
          1
        ],
        [
          "Picture",
          1
        ],
        [
          "SectionHeader",
          1
        ],
        [
          "Table",
          1
        ],
        [
          "PageFooter",
          1
        ],
        [
          "Text",
          1
        ]
      ],
      "block_metadata": {
        "llm_request_count": 0,
        "llm_error_count": 0,
        "llm_tokens_used": 0
      }
    }
  ],
  "debug_data_path": "debug_data\\50114074_pro"
}