{
  "table_of_contents": [
    {
      "title": "NOTES :",
      "heading_level": null,
      "page_id": 0,
      "polygon": [
        [
          33.739982190560994,
          275.01889168765746
        ],
        [
          72.4107666015625,
          275.01889168765746
        ],
        [
          72.4107666015625,
          287.6220703125
        ],
        [
          33.739982190560994,
          287.6220703125
        ]
      ]
    }
  ],
  "page_stats": [
    {
      "page_id": 0,
      "text_extraction_method": "surya",
      "block_counts": [
        [
          "TableCell",
          35
        ],
        [
          "Line",
          34
        ],
        [
          "Span",
          34
        ],
        [
          "Text",
          26
        ],
        [
          "Figure",
          3
        ],
        [
          "SectionHeader",
          1
        ],
        [
          "Table",
          1
        ]
      ],
      "block_metadata": {
        "llm_request_count": 0,
        "llm_error_count": 0,
        "llm_tokens_used": 0
      }
    }
  ],
  "debug_data_path": "debug_data\\Cat 6A Inline Coupler UTP 1 2copiaxsehttpswwwcopiaxse  doc  50460107_pro_1363514622104916145"
}