{
  "table_of_contents": [
    {
      "title": "HOUSEGARD FE6TGA",
      "heading_level": null,
      "page_id": 0,
      "polygon": [
        [
          44.16162109375,
          119.536865234375
        ],
        [
          246.33059692382812,
          119.536865234375
        ],
        [
          246.33059692382812,
          142.149169921875
        ],
        [
          44.16162109375,
          142.149169921875
        ]
      ]
    },
    {
      "title": "FUNKTION",
      "heading_level": null,
      "page_id": 0,
      "polygon": [
        [
          44.234375,
          309.78857421875
        ],
        [
          83.8125,
          309.78857421875
        ],
        [
          83.8125,
          320.56060791015625
        ],
        [
          44.234375,
          320.56060791015625
        ]
      ]
    },
    {
      "title": "Teknisk data Godk\u00e4nnanden",
      "heading_level": null,
      "page_id": 0,
      "polygon": [
        [
          33.0302734375,
          624.5107421875
        ],
        [
          457.9073181152344,
          624.5107421875
        ],
        [
          457.9073181152344,
          635.2001953125
        ],
        [
          33.0302734375,
          635.2001953125
        ]
      ]
    }
  ],
  "page_stats": [
    {
      "page_id": 0,
      "text_extraction_method": "pdftext",
      "block_counts": [
        [
          "Span",
          136
        ],
        [
          "Line",
          54
        ],
        [
          "TableCell",
          40
        ],
        [
          "Text",
          8
        ],
        [
          "Picture",
          6
        ],
        [
          "SectionHeader",
          3
        ],
        [
          "Table",
          1
        ],
        [
          "PageFooter",
          1
        ]
      ],
      "block_metadata": {
        "llm_request_count": 0,
        "llm_error_count": 0,
        "llm_tokens_used": 0
      }
    }
  ],
  "debug_data_path": "debug_data\\50025310_pro"
}