{
  "table_of_contents": [
    {
      "title": "RWC-BEH\u00d6R ASSA 9565T-\n2 H\u00d6 KROM MATT",
      "heading_level": null,
      "page_id": 0,
      "polygon": [
        [
          245.03515625,
          101.34423828125
        ],
        [
          555.2578125,
          101.34423828125
        ],
        [
          555.2578125,
          159.51953125
        ],
        [
          245.03515625,
          159.51953125
        ]
      ]
    },
    {
      "title": "Egenskaper",
      "heading_level": null,
      "page_id": 0,
      "polygon": [
        [
          246.3447265625,
          269.703125
        ],
        [
          313.1328125,
          269.703125
        ],
        [
          313.1328125,
          282.4482421875
        ],
        [
          246.3447265625,
          282.4482421875
        ]
      ]
    },
    {
      "title": "Specifikation",
      "heading_level": null,
      "page_id": 0,
      "polygon": [
        [
          248.236328125,
          536.5283203125
        ],
        [
          323.609375,
          536.5283203125
        ],
        [
          323.609375,
          548.8623046875
        ],
        [
          248.236328125,
          548.8623046875
        ]
      ]
    }
  ],
  "page_stats": [
    {
      "page_id": 0,
      "text_extraction_method": "pdftext",
      "block_counts": [
        [
          "Span",
          75
        ],
        [
          "Line",
          31
        ],
        [
          "ListItem",
          10
        ],
        [
          "TableCell",
          10
        ],
        [
          "SectionHeader",
          3
        ],
        [
          "Text",
          3
        ],
        [
          "PageFooter",
          3
        ],
        [
          "Picture",
          2
        ],
        [
          "Table",
          1
        ],
        [
          "ListGroup",
          1
        ]
      ],
      "block_metadata": {
        "llm_request_count": 0,
        "llm_error_count": 0,
        "llm_tokens_used": 0
      }
    }
  ],
  "debug_data_path": "debug_data\\RWC-BEH\u00d6R ASSA 9565T-2 H\u00d6 KROM MATT-2024-10-19"
}