{
  "table_of_contents": [
    {
      "title": "LOCKR-CABINET MIF",
      "heading_level": null,
      "page_id": 0,
      "polygon": [
        [
          29.1015625,
          134.954345703125
        ],
        [
          254.4931640625,
          134.954345703125
        ],
        [
          254.4931640625,
          162.500244140625
        ],
        [
          29.1015625,
          162.500244140625
        ]
      ]
    },
    {
      "title": "Teknisk beskrivning",
      "heading_level": null,
      "page_id": 0,
      "polygon": [
        [
          29.865478515625,
          386.67041015625
        ],
        [
          120.771484375,
          386.67041015625
        ],
        [
          120.771484375,
          398.59326171875
        ],
        [
          29.865478515625,
          398.59326171875
        ]
      ]
    }
  ],
  "page_stats": [
    {
      "page_id": 0,
      "text_extraction_method": "pdftext",
      "block_counts": [
        [
          "Line",
          74
        ],
        [
          "Span",
          74
        ],
        [
          "TableCell",
          26
        ],
        [
          "Text",
          4
        ],
        [
          "Picture",
          2
        ],
        [
          "SectionHeader",
          2
        ],
        [
          "Table",
          1
        ],
        [
          "PageFooter",
          1
        ]
      ],
      "block_metadata": {
        "llm_request_count": 0,
        "llm_error_count": 0,
        "llm_tokens_used": 0
      }
    }
  ],
  "debug_data_path": "debug_data\\50156202_pro"
}