{
  "table_of_contents": [
    {
      "title": "H05VVH2-F 2X0.75mm\u00b2",
      "heading_level": null,
      "page_id": 0,
      "polygon": [
        [
          356.1442564559216,
          342.46221662468514
        ],
        [
          556.2626953125,
          339.4647355163728
        ],
        [
          556.2626953125,
          364.3212890625
        ],
        [
          356.8940338379341,
          366.4420654911839
        ]
      ]
    }
  ],
  "page_stats": [
    {
      "page_id": 0,
      "text_extraction_method": "surya",
      "block_counts": [
        [
          "TableCell",
          46
        ],
        [
          "Line",
          35
        ],
        [
          "Span",
          33
        ],
        [
          "Figure",
          4
        ],
        [
          "Text",
          2
        ],
        [
          "SectionHeader",
          1
        ],
        [
          "Table",
          1
        ]
      ],
      "block_metadata": {
        "llm_request_count": 0,
        "llm_error_count": 0,
        "llm_tokens_used": 0
      }
    }
  ],
  "debug_data_path": "debug_data\\50140473_pro"
}