{
  "table_of_contents": [
    {
      "title": "mounting guide - external fitting drawing",
      "heading_level": null,
      "page_id": 0,
      "polygon": [
        [
          876.6289672851562,
          24.95062255859375
        ],
        [
          1124.2841796875,
          24.95062255859375
        ],
        [
          1124.2841796875,
          42.83489990234375
        ],
        [
          876.6289672851562,
          42.83489990234375
        ]
      ]
    }
  ],
  "page_stats": [
    {
      "page_id": 0,
      "text_extraction_method": "pdftext",
      "block_counts": [
        [
          "Span",
          50
        ],
        [
          "Line",
          47
        ],
        [
          "Text",
          8
        ],
        [
          "PageHeader",
          2
        ],
        [
          "Figure",
          2
        ],
        [
          "PageFooter",
          1
        ],
        [
          "SectionHeader",
          1
        ],
        [
          "Picture",
          1
        ]
      ],
      "block_metadata": {
        "llm_request_count": 0,
        "llm_error_count": 0,
        "llm_tokens_used": 0
      }
    }
  ],
  "debug_data_path": "debug_data\\50464585_ins"
}