{
  "table_of_contents": [
    {
      "title": "Larmknapp",
      "heading_level": null,
      "page_id": 0,
      "polygon": [
        [
          41.1787109375,
          84.385009765625
        ],
        [
          135.7587890625,
          84.385009765625
        ],
        [
          135.7587890625,
          104.941650390625
        ],
        [
          41.1787109375,
          104.941650390625
        ]
      ]
    },
    {
      "title": "Produktbeskrivning",
      "heading_level": null,
      "page_id": 0,
      "polygon": [
        [
          42.197265625,
          282.037109375
        ],
        [
          187.705078125,
          282.037109375
        ],
        [
          187.705078125,
          301.771484375
        ],
        [
          42.197265625,
          301.771484375
        ]
      ]
    },
    {
      "title": "Tekniska Specifkationer",
      "heading_level": null,
      "page_id": 0,
      "polygon": [
        [
          42.27001953125,
          425.93359375
        ],
        [
          215.3515625,
          425.93359375
        ],
        [
          215.3515625,
          445.66796875
        ],
        [
          42.27001953125,
          445.66796875
        ]
      ]
    }
  ],
  "page_stats": [
    {
      "page_id": 0,
      "text_extraction_method": "pdftext",
      "block_counts": [
        [
          "Span",
          65
        ],
        [
          "Line",
          23
        ],
        [
          "TableCell",
          22
        ],
        [
          "SectionHeader",
          3
        ],
        [
          "Picture",
          2
        ],
        [
          "Text",
          2
        ],
        [
          "PageHeader",
          1
        ],
        [
          "Table",
          1
        ]
      ],
      "block_metadata": {
        "llm_request_count": 0,
        "llm_error_count": 0,
        "llm_tokens_used": 0
      }
    }
  ],
  "debug_data_path": "debug_data\\50156676_pro"
}