{
  "table_of_contents": [
    {
      "title": "MONTERINGSANVISNING\nF\u00f6nsterhasp med sp\u00e4rrfunktion",
      "heading_level": null,
      "page_id": 0,
      "polygon": [
        [
          147.81028151774785,
          65.604248046875
        ],
        [
          442.68053855569156,
          65.604248046875
        ],
        [
          442.68053855569156,
          107.27782101167315
        ],
        [
          147.81028151774785,
          107.27782101167315
        ]
      ]
    }
  ],
  "page_stats": [
    {
      "page_id": 0,
      "text_extraction_method": "surya",
      "block_counts": [
        [
          "Line",
          42
        ],
        [
          "Span",
          42
        ],
        [
          "Picture",
          12
        ],
        [
          "Caption",
          11
        ],
        [
          "PictureGroup",
          11
        ],
        [
          "Text",
          4
        ],
        [
          "PageHeader",
          1
        ],
        [
          "SectionHeader",
          1
        ],
        [
          "PageFooter",
          1
        ]
      ],
      "block_metadata": {
        "llm_request_count": 0,
        "llm_error_count": 0,
        "llm_tokens_used": 0
      }
    }
  ],
  "debug_data_path": "debug_data\\50105302_Ins"
}