{
  "table_of_contents": [
    {
      "title": "T-8UT L",
      "heading_level": null,
      "page_id": 0,
      "polygon": [
        [
          25.7843017578125,
          27.5972900390625
        ],
        [
          149.27999877929688,
          25.9527587890625
        ],
        [
          149.27999877929688,
          72.0
        ],
        [
          25.7843017578125,
          72.8218994140625
        ]
      ]
    },
    {
      "title": "Produktinformation",
      "heading_level": null,
      "page_id": 0,
      "polygon": [
        [
          27.0,
          394.07080078125
        ],
        [
          111.126708984375,
          394.07080078125
        ],
        [
          111.126708984375,
          406.81591796875
        ],
        [
          27.0,
          406.81591796875
        ]
      ]
    }
  ],
  "page_stats": [
    {
      "page_id": 0,
      "text_extraction_method": "pdftext",
      "block_counts": [
        [
          "Span",
          93
        ],
        [
          "TableCell",
          44
        ],
        [
          "Line",
          26
        ],
        [
          "SectionHeader",
          2
        ],
        [
          "Picture",
          2
        ],
        [
          "Text",
          1
        ],
        [
          "Table",
          1
        ],
        [
          "PageFooter",
          1
        ]
      ],
      "block_metadata": {
        "llm_request_count": 0,
        "llm_error_count": 0,
        "llm_tokens_used": 0
      }
    }
  ],
  "debug_data_path": "debug_data\\T-8UT Lcopiaxsehttpswwwcopiaxse  doc  50140353_pro_-6899387795391491149"
}