{
  "table_of_contents": [
    {
      "title": "Certifikat Certificate\nProdukter | WEEE\n2023",
      "heading_level": null,
      "page_id": 0,
      "polygon": [
        [
          112.623046875,
          75.751220703125
        ],
        [
          567.314697265625,
          75.751220703125
        ],
        [
          567.314697265625,
          167.0164794921875
        ],
        [
          112.623046875,
          167.0164794921875
        ]
      ]
    },
    {
      "title": "Copiax AB",
      "heading_level": null,
      "page_id": 0,
      "polygon": [
        [
          252.01953125,
          334.45654296875
        ],
        [
          344.38800048828125,
          334.45654296875
        ],
        [
          344.38800048828125,
          355.42431640625
        ],
        [
          252.01953125,
          355.42431640625
        ]
      ]
    }
  ],
  "page_stats": [
    {
      "page_id": 0,
      "text_extraction_method": "pdftext",
      "block_counts": [
        [
          "Span",
          59
        ],
        [
          "Line",
          29
        ],
        [
          "Text",
          5
        ],
        [
          "SectionHeader",
          2
        ],
        [
          "Picture",
          1
        ]
      ],
      "block_metadata": {
        "llm_request_count": 0,
        "llm_error_count": 0,
        "llm_tokens_used": 0
      }
    }
  ],
  "debug_data_path": "debug_data\\certifikat-elkretsen-2023"
}