{
  "table_of_contents": [
    {
      "title": "",
      "heading_level": null,
      "page_id": 0,
      "polygon": [
        [
          26.6722412109375,
          0.4365234375
        ],
        [
          159.1083984375,
          0.4365234375
        ],
        [
          159.1083984375,
          27.2099609375
        ],
        [
          26.6722412109375,
          27.2099609375
        ]
      ]
    },
    {
      "title": "",
      "heading_level": null,
      "page_id": 0,
      "polygon": [
        [
          29.93560791015625,
          37.9775390625
        ],
        [
          119.6396484375,
          37.9775390625
        ],
        [
          119.6396484375,
          56.45703125
        ],
        [
          29.93560791015625,
          56.45703125
        ]
      ]
    }
  ],
  "page_stats": [
    {
      "page_id": 0,
      "text_extraction_method": "pdftext",
      "block_counts": [
        [
          "Span",
          184
        ],
        [
          "TableCell",
          58
        ],
        [
          "Line",
          56
        ],
        [
          "Text",
          6
        ],
        [
          "SectionHeader",
          2
        ],
        [
          "Table",
          2
        ],
        [
          "PageFooter",
          1
        ]
      ],
      "block_metadata": {
        "llm_request_count": 0,
        "llm_error_count": 0,
        "llm_tokens_used": 0
      }
    },
    {
      "page_id": 1,
      "text_extraction_method": "pdftext",
      "block_counts": [
        [
          "Span",
          286
        ],
        [
          "Line",
          91
        ],
        [
          "TableCell",
          51
        ],
        [
          "Table",
          1
        ],
        [
          "Figure",
          1
        ],
        [
          "Text",
          1
        ]
      ],
      "block_metadata": {
        "llm_request_count": 0,
        "llm_error_count": 0,
        "llm_tokens_used": 0
      }
    }
  ],
  "debug_data_path": "debug_data\\50457233_pro"
}