{
  "table_of_contents": [
    {
      "title": "OKLASSADE NYCKELSK\u00c5P",
      "heading_level": null,
      "page_id": 0,
      "polygon": [
        [
          12.7880859375,
          14.0203857421875
        ],
        [
          457.20703125,
          14.0203857421875
        ],
        [
          457.20703125,
          47.38995361328125
        ],
        [
          12.7880859375,
          47.38995361328125
        ]
      ]
    },
    {
      "title": "F\u00f6rvara: Nycklar",
      "heading_level": null,
      "page_id": 0,
      "polygon": [
        [
          38.040000915527344,
          154.62890625
        ],
        [
          120.59476470947266,
          154.62890625
        ],
        [
          120.59476470947266,
          167.3876953125
        ],
        [
          38.040000915527344,
          167.3876953125
        ]
      ]
    },
    {
      "title": "OKLASSADE NYCKELSK\u00c5P",
      "heading_level": null,
      "page_id": 1,
      "polygon": [
        [
          15.6884765625,
          13.15155029296875
        ],
        [
          457.734375,
          13.15155029296875
        ],
        [
          457.734375,
          47.38995361328125
        ],
        [
          15.6884765625,
          47.38995361328125
        ]
      ]
    }
  ],
  "page_stats": [
    {
      "page_id": 0,
      "text_extraction_method": "pdftext",
      "block_counts": [
        [
          "Span",
          32
        ],
        [
          "Line",
          12
        ],
        [
          "Picture",
          4
        ],
        [
          "Text",
          3
        ],
        [
          "SectionHeader",
          2
        ],
        [
          "Figure",
          2
        ],
        [
          "PageFooter",
          1
        ]
      ],
      "block_metadata": {
        "llm_request_count": 0,
        "llm_error_count": 0,
        "llm_tokens_used": 0
      }
    },
    {
      "page_id": 1,
      "text_extraction_method": "pdftext",
      "block_counts": [
        [
          "Span",
          147
        ],
        [
          "Line",
          57
        ],
        [
          "TableCell",
          25
        ],
        [
          "PageFooter",
          2
        ],
        [
          "SectionHeader",
          1
        ],
        [
          "Table",
          1
        ]
      ],
      "block_metadata": {
        "llm_request_count": 0,
        "llm_error_count": 0,
        "llm_tokens_used": 0
      }
    }
  ],
  "debug_data_path": "debug_data\\50116624_Pro"
}