{
  "table_of_contents": [
    {
      "title": "Detectors Spiralkabel med RJ45-kontakt",
      "heading_level": null,
      "page_id": 0,
      "polygon": [
        [
          170.05999755859375,
          90.3978271484375
        ],
        [
          525.57421875,
          90.3978271484375
        ],
        [
          525.57421875,
          103.29998779296875
        ],
        [
          170.05999755859375,
          103.29998779296875
        ]
      ]
    },
    {
      "title": "BESKRIVNING",
      "heading_level": null,
      "page_id": 0,
      "polygon": [
        [
          70.680419921875,
          297.45458984375
        ],
        [
          139.978515625,
          297.45458984375
        ],
        [
          139.978515625,
          310.80999755859375
        ],
        [
          70.680419921875,
          310.80999755859375
        ]
      ]
    },
    {
      "title": "TECHNICAL DATA",
      "heading_level": null,
      "page_id": 0,
      "polygon": [
        [
          70.42578125,
          548.8623046875
        ],
        [
          152.39503479003906,
          548.8623046875
        ],
        [
          152.39503479003906,
          561.6300659179688
        ],
        [
          70.42578125,
          561.6300659179688
        ]
      ]
    },
    {
      "title": "Best\u00e4llningsinformation",
      "heading_level": null,
      "page_id": 0,
      "polygon": [
        [
          69.225341796875,
          698.5146484375
        ],
        [
          181.1572265625,
          698.5146484375
        ],
        [
          181.1572265625,
          711.5399932861328
        ],
        [
          69.225341796875,
          711.5399932861328
        ]
      ]
    }
  ],
  "page_stats": [
    {
      "page_id": 0,
      "text_extraction_method": "pdftext",
      "block_counts": [
        [
          "Span",
          96
        ],
        [
          "TableCell",
          34
        ],
        [
          "Line",
          31
        ],
        [
          "Text",
          5
        ],
        [
          "SectionHeader",
          4
        ],
        [
          "Table",
          3
        ],
        [
          "PageFooter",
          3
        ],
        [
          "PageHeader",
          2
        ],
        [
          "Picture",
          2
        ],
        [
          "Figure",
          2
        ]
      ],
      "block_metadata": {
        "llm_request_count": 0,
        "llm_error_count": 0,
        "llm_tokens_used": 0
      }
    }
  ],
  "debug_data_path": "debug_data\\50131598_pro"
}