{
  "table_of_contents": [
    {
      "title": "ASSA ABLOY \nDraghandtag 8633",
      "heading_level": null,
      "page_id": 0,
      "polygon": [
        [
          26.482421875,
          25.41314697265625
        ],
        [
          295.7657470703125,
          25.41314697265625
        ],
        [
          295.7657470703125,
          106.997314453125
        ],
        [
          26.482421875,
          106.997314453125
        ]
      ]
    },
    {
      "title": "Egenskaper",
      "heading_level": null,
      "page_id": 0,
      "polygon": [
        [
          137.94140625,
          659.0458984375
        ],
        [
          179.25840759277344,
          659.0458984375
        ],
        [
          179.25840759277344,
          669.7353515625
        ],
        [
          137.94140625,
          669.7353515625
        ]
      ]
    },
    {
      "title": "ASSA ABLOY \nDraghandtag 8633",
      "heading_level": null,
      "page_id": 1,
      "polygon": [
        [
          26.70068359375,
          24.2568359375
        ],
        [
          295.7657470703125,
          24.2568359375
        ],
        [
          295.7657470703125,
          106.997314453125
        ],
        [
          26.70068359375,
          106.997314453125
        ]
      ]
    }
  ],
  "page_stats": [
    {
      "page_id": 0,
      "text_extraction_method": "pdftext",
      "block_counts": [
        [
          "Span",
          48
        ],
        [
          "Line",
          20
        ],
        [
          "Text",
          5
        ],
        [
          "ListItem",
          5
        ],
        [
          "Picture",
          3
        ],
        [
          "SectionHeader",
          2
        ],
        [
          "ListGroup",
          1
        ]
      ],
      "block_metadata": {
        "llm_request_count": 0,
        "llm_error_count": 0,
        "llm_tokens_used": 0
      }
    },
    {
      "page_id": 1,
      "text_extraction_method": "pdftext",
      "block_counts": [
        [
          "Span",
          178
        ],
        [
          "Line",
          68
        ],
        [
          "Text",
          8
        ],
        [
          "PageHeader",
          2
        ],
        [
          "SectionHeader",
          1
        ],
        [
          "Picture",
          1
        ],
        [
          "Figure",
          1
        ]
      ],
      "block_metadata": {
        "llm_request_count": 0,
        "llm_error_count": 0,
        "llm_tokens_used": 0
      }
    }
  ],
  "debug_data_path": "debug_data\\50140409_PRO"
}