{
  "table_of_contents": [
    {
      "title": "FALLKOLV V\u00c4NSTERSV\u00c4NGT DIGITALT HANDTAG\nFallkolv v\u00e4nstersv\u00e4ngt handtag f\u00f6r altand\u00f6rr och f\u00f6nster",
      "heading_level": null,
      "page_id": 0,
      "polygon": [
        [
          195.1259765625,
          275.0478515625
        ],
        [
          549.4375,
          275.0478515625
        ],
        [
          549.4375,
          322.328125
        ],
        [
          195.1259765625,
          322.328125
        ]
      ]
    },
    {
      "title": "Revision Note Appr. Date Appr. By",
      "heading_level": null,
      "page_id": 0,
      "polygon": [
        [
          377.447265625,
          586.6865234375
        ],
        [
          668.3512573242188,
          586.6865234375
        ],
        [
          668.3512573242188,
          615.4658203125
        ],
        [
          377.447265625,
          615.4658203125
        ]
      ]
    }
  ],
  "page_stats": [
    {
      "page_id": 0,
      "text_extraction_method": "pdftext",
      "block_counts": [
        [
          "Span",
          458
        ],
        [
          "Line",
          174
        ],
        [
          "Text",
          91
        ],
        [
          "ListItem",
          20
        ],
        [
          "SectionHeader",
          2
        ],
        [
          "ListGroup",
          2
        ],
        [
          "Picture",
          1
        ],
        [
          "Figure",
          1
        ]
      ],
      "block_metadata": {
        "llm_request_count": 0,
        "llm_error_count": 0,
        "llm_tokens_used": 0
      }
    }
  ],
  "debug_data_path": "debug_data\\FALLKOLV V\u00c4NSTERSV\u00c4NGT DIGITALT HANDTAGCopiaxhttpswwwcopiaxse  doc  50151112_pro_8809874440699252401"
}