{
  "table_of_contents": [
    {
      "title": "US SERIES-Front Termin:\nUS12-55FT (12V55AH",
      "heading_level": null,
      "page_id": 0,
      "polygon": [
        [
          273.845703125,
          51.5457763671875
        ],
        [
          577.083984375,
          51.5457763671875
        ],
        [
          577.083984375,
          110.38916015625
        ],
        [
          273.845703125,
          110.38916015625
        ]
      ]
    },
    {
      "title": "General Features",
      "heading_level": null,
      "page_id": 0,
      "polygon": [
        [
          266.4248046875,
          120.4619140625
        ],
        [
          364.05541561712846,
          120.4619140625
        ],
        [
          364.05541561712846,
          133.82373046875
        ],
        [
          266.4248046875,
          133.82373046875
        ]
      ]
    },
    {
      "title": "Dimen si ons",
      "heading_level": null,
      "page_id": 1,
      "polygon": [
        [
          38.28211586901763,
          52.83056640625
        ],
        [
          109.59193954659949,
          52.83056640625
        ],
        [
          109.59193954659949,
          65.57568359375
        ],
        [
          38.28211586901763,
          65.57568359375
        ]
      ]
    }
  ],
  "page_stats": [
    {
      "page_id": 0,
      "text_extraction_method": "surya",
      "block_counts": [
        [
          "TableCell",
          285
        ],
        [
          "Line",
          20
        ],
        [
          "Span",
          20
        ],
        [
          "ListItem",
          8
        ],
        [
          "Picture",
          5
        ],
        [
          "Table",
          3
        ],
        [
          "SectionHeader",
          2
        ],
        [
          "ListGroup",
          1
        ]
      ],
      "block_metadata": {
        "llm_request_count": 0,
        "llm_error_count": 0,
        "llm_tokens_used": 0
      }
    },
    {
      "page_id": 1,
      "text_extraction_method": "surya",
      "block_counts": [
        [
          "Line",
          169
        ],
        [
          "Span",
          169
        ],
        [
          "Figure",
          3
        ],
        [
          "SectionHeader",
          1
        ],
        [
          "Text",
          1
        ]
      ],
      "block_metadata": {
        "llm_request_count": 0,
        "llm_error_count": 0,
        "llm_tokens_used": 0
      }
    }
  ],
  "debug_data_path": "debug_data\\50142566_pro"
}