{
  "table_of_contents": [
    {
      "title": "Larmdon Sir\u00e9n/blixt\nSB-BE-X45",
      "heading_level": null,
      "page_id": 0,
      "polygon": [
        [
          33.97607421875,
          105.04443359375
        ],
        [
          245.326171875,
          105.04443359375
        ],
        [
          245.326171875,
          162.19189453125
        ],
        [
          33.97607421875,
          162.19189453125
        ]
      ]
    },
    {
      "title": "Kombilarmdon xenon IP45",
      "heading_level": null,
      "page_id": 0,
      "polygon": [
        [
          34.26708984375,
          175.450927734375
        ],
        [
          228.2384796142578,
          175.450927734375
        ],
        [
          228.2384796142578,
          194.62591552734375
        ],
        [
          34.26708984375,
          194.62591552734375
        ]
      ]
    }
  ],
  "page_stats": [
    {
      "page_id": 0,
      "text_extraction_method": "pdftext",
      "block_counts": [
        [
          "Span",
          128
        ],
        [
          "TableCell",
          53
        ],
        [
          "Line",
          44
        ],
        [
          "Picture",
          4
        ],
        [
          "Text",
          3
        ],
        [
          "SectionHeader",
          2
        ],
        [
          "Table",
          2
        ],
        [
          "PageHeader",
          1
        ],
        [
          "PageFooter",
          1
        ]
      ],
      "block_metadata": {
        "llm_request_count": 0,
        "llm_error_count": 0,
        "llm_tokens_used": 0
      }
    }
  ],
  "debug_data_path": "debug_data\\50142767_pro"
}