{
  "table_of_contents": [
    {
      "title": "N\u00e4taggregat & Redundans panel",
      "heading_level": null,
      "page_id": 0,
      "polygon": [
        [
          35.63389587402344,
          19.8885498046875
        ],
        [
          422.5546875,
          19.8885498046875
        ],
        [
          422.5546875,
          50.09405517578125
        ],
        [
          35.63389587402344,
          50.09405517578125
        ]
      ]
    }
  ],
  "page_stats": [
    {
      "page_id": 0,
      "text_extraction_method": "pdftext",
      "block_counts": [
        [
          "TableCell",
          305
        ],
        [
          "Span",
          300
        ],
        [
          "Line",
          55
        ],
        [
          "Text",
          3
        ],
        [
          "SectionHeader",
          1
        ],
        [
          "Table",
          1
        ]
      ],
      "block_metadata": {
        "llm_request_count": 0,
        "llm_error_count": 0,
        "llm_tokens_used": 0
      }
    }
  ],
  "debug_data_path": "debug_data\\N\u00e4taggregat  Redundans panelcopiaxsehttpswwwcopiaxse  doc  50155380_pro_-8163989086151618802"
}