{
  "table_of_contents": [
    {
      "title": "Produktblad",
      "heading_level": null,
      "page_id": 0,
      "polygon": [
        [
          196.435546875,
          64.958984375
        ],
        [
          397.52734375,
          64.958984375
        ],
        [
          397.52734375,
          107.3056640625
        ],
        [
          196.435546875,
          107.3056640625
        ]
      ]
    },
    {
      "title": "KL\u00c4MSKYDD TB G\u00c5NGJ\u00c4RNSSIDA (Tappb\u00e4randeg\u00e5ngj\u00e4rn)",
      "heading_level": null,
      "page_id": 0,
      "polygon": [
        [
          221.80999755859375,
          171.853515625
        ],
        [
          533.72265625,
          171.853515625
        ],
        [
          533.72265625,
          187.4765625
        ],
        [
          221.80999755859375,
          187.4765625
        ]
      ]
    },
    {
      "title": "Beskrivning:",
      "heading_level": null,
      "page_id": 0,
      "polygon": [
        [
          193.6708984375,
          354.8076171875
        ],
        [
          251.0669708251953,
          354.8076171875
        ],
        [
          251.0669708251953,
          366.73046875
        ],
        [
          193.6708984375,
          366.73046875
        ]
      ]
    }
  ],
  "page_stats": [
    {
      "page_id": 0,
      "text_extraction_method": "pdftext",
      "block_counts": [
        [
          "Span",
          136
        ],
        [
          "Line",
          35
        ],
        [
          "TableCell",
          16
        ],
        [
          "ListItem",
          8
        ],
        [
          "Text",
          8
        ],
        [
          "SectionHeader",
          3
        ],
        [
          "Picture",
          2
        ],
        [
          "PageFooter",
          2
        ],
        [
          "Table",
          1
        ],
        [
          "ListGroup",
          1
        ]
      ],
      "block_metadata": {
        "llm_request_count": 0,
        "llm_error_count": 0,
        "llm_tokens_used": 0
      }
    }
  ],
  "debug_data_path": "debug_data\\Produktbladcopiaxsehttpscopiaxse  images  doc  50464601_pro_-694970283201421846"
}