{
  "table_of_contents": [
    {
      "title": "5 Omkopplingsl\u00e4ge/pulsl\u00e4ge",
      "heading_level": null,
      "page_id": 0,
      "polygon": [
        [
          115.2199935913086,
          649.0243072509766
        ],
        [
          253.9600372314453,
          649.0243072509766
        ],
        [
          253.9600372314453,
          663.0643005371094
        ],
        [
          115.2199935913086,
          663.0643005371094
        ]
      ]
    }
  ],
  "page_stats": [
    {
      "page_id": 0,
      "text_extraction_method": "pdftext",
      "block_counts": [
        [
          "Span",
          306
        ],
        [
          "Line",
          97
        ],
        [
          "Text",
          11
        ],
        [
          "Figure",
          2
        ],
        [
          "SectionHeader",
          1
        ]
      ],
      "block_metadata": {
        "llm_request_count": 0,
        "llm_error_count": 0,
        "llm_tokens_used": 0
      }
    }
  ],
  "debug_data_path": "debug_data\\50139436_ins"
}