{
  "table_of_contents": [
    {
      "title": "RC 4 REL\u00c4KORT",
      "heading_level": null,
      "page_id": 0,
      "polygon": [
        [
          56.38427734375,
          71.1773681640625
        ],
        [
          153.65625,
          71.1773681640625
        ],
        [
          153.65625,
          89.98370361328125
        ],
        [
          56.38427734375,
          89.98370361328125
        ]
      ]
    },
    {
      "title": "F\u00f6rdelar",
      "heading_level": null,
      "page_id": 0,
      "polygon": [
        [
          66.060546875,
          165.75457763671875
        ],
        [
          107.13019561767578,
          165.75457763671875
        ],
        [
          107.13019561767578,
          179.75457763671875
        ],
        [
          66.060546875,
          179.75457763671875
        ]
      ]
    }
  ],
  "page_stats": [
    {
      "page_id": 0,
      "text_extraction_method": "pdftext",
      "block_counts": [
        [
          "Span",
          277
        ],
        [
          "Line",
          105
        ],
        [
          "Text",
          25
        ],
        [
          "TableCell",
          16
        ],
        [
          "ListItem",
          6
        ],
        [
          "Picture",
          2
        ],
        [
          "SectionHeader",
          2
        ],
        [
          "Table",
          2
        ],
        [
          "PageHeader",
          1
        ],
        [
          "Figure",
          1
        ],
        [
          "PageFooter",
          1
        ],
        [
          "ListGroup",
          1
        ]
      ],
      "block_metadata": {
        "llm_request_count": 0,
        "llm_error_count": 0,
        "llm_tokens_used": 0
      }
    }
  ],
  "debug_data_path": "debug_data\\50132476_pro"
}