{
  "table_of_contents": [
    {
      "title": "DCP917S",
      "heading_level": null,
      "page_id": 0,
      "polygon": [
        [
          28.44677734375,
          69.584228515625
        ],
        [
          83.59423828125,
          69.584228515625
        ],
        [
          83.59423828125,
          83.768310546875
        ],
        [
          28.44677734375,
          83.768310546875
        ]
      ]
    },
    {
      "title": "Viktiga funktioner och f\u00f6rdelar:",
      "heading_level": null,
      "page_id": 0,
      "polygon": [
        [
          29.8291015625,
          354.396484375
        ],
        [
          205.5779571533203,
          354.396484375
        ],
        [
          205.5779571533203,
          367.6778564453125
        ],
        [
          29.8291015625,
          367.6778564453125
        ]
      ]
    },
    {
      "title": "Specifikation:",
      "heading_level": null,
      "page_id": 0,
      "polygon": [
        [
          30.0,
          445.2568359375
        ],
        [
          108.4033203125,
          445.2568359375
        ],
        [
          108.4033203125,
          459.32781982421875
        ],
        [
          30.0,
          459.32781982421875
        ]
      ]
    }
  ],
  "page_stats": [
    {
      "page_id": 0,
      "text_extraction_method": "pdftext",
      "block_counts": [
        [
          "Span",
          104
        ],
        [
          "Line",
          39
        ],
        [
          "TableCell",
          32
        ],
        [
          "Text",
          6
        ],
        [
          "SectionHeader",
          3
        ],
        [
          "Picture",
          2
        ],
        [
          "Table",
          2
        ],
        [
          "PageFooter",
          1
        ]
      ],
      "block_metadata": {
        "llm_request_count": 0,
        "llm_error_count": 0,
        "llm_tokens_used": 0
      }
    }
  ],
  "debug_data_path": "debug_data\\50116639_Pro"
}