{
  "table_of_contents": [
    {
      "title": "SMARTA HEM",
      "heading_level": null,
      "page_id": 0,
      "polygon": [
        [
          395.9667053222656,
          25.862823486328125
        ],
        [
          568.64453125,
          25.862823486328125
        ],
        [
          568.64453125,
          55.3487548828125
        ],
        [
          395.9667053222656,
          55.3487548828125
        ]
      ]
    },
    {
      "title": "TRYCKKNAPP TILL D\u00d6RRKLOCKA\nMLT-1924",
      "heading_level": null,
      "page_id": 0,
      "polygon": [
        [
          36.0859375,
          98.9288330078125
        ],
        [
          541.580078125,
          98.9288330078125
        ],
        [
          541.580078125,
          168.9755859375
        ],
        [
          36.0859375,
          168.9755859375
        ]
      ]
    }
  ],
  "page_stats": [
    {
      "page_id": 0,
      "text_extraction_method": "pdftext",
      "block_counts": [
        [
          "Span",
          92
        ],
        [
          "Line",
          38
        ],
        [
          "TableCell",
          20
        ],
        [
          "Text",
          4
        ],
        [
          "ListItem",
          3
        ],
        [
          "SectionHeader",
          2
        ],
        [
          "Picture",
          2
        ],
        [
          "Table",
          1
        ],
        [
          "ListGroup",
          1
        ]
      ],
      "block_metadata": {
        "llm_request_count": 0,
        "llm_error_count": 0,
        "llm_tokens_used": 0
      }
    }
  ],
  "debug_data_path": "debug_data\\50457232_pro"
}