{
  "table_of_contents": [
    {
      "title": "F\u00f6rsta hj\u00e4lpen v\u00e4ska \nLarge\nFAPS-L",
      "heading_level": null,
      "page_id": 0,
      "polygon": [
        [
          36.0859375,
          47.97406005859375
        ],
        [
          310.3406982421875,
          47.97406005859375
        ],
        [
          310.3406982421875,
          151.399658203125
        ],
        [
          36.0859375,
          151.399658203125
        ]
      ]
    },
    {
      "title": "Inneh\u00e5ll:",
      "heading_level": null,
      "page_id": 0,
      "polygon": [
        [
          36.850399017333984,
          336.7177734375
        ],
        [
          73.3359375,
          336.7177734375
        ],
        [
          73.3359375,
          348.2294921875
        ],
        [
          36.850399017333984,
          348.2294921875
        ]
      ]
    }
  ],
  "page_stats": [
    {
      "page_id": 0,
      "text_extraction_method": "pdftext",
      "block_counts": [
        [
          "Span",
          93
        ],
        [
          "Line",
          42
        ],
        [
          "TableCell",
          14
        ],
        [
          "Text",
          7
        ],
        [
          "Picture",
          3
        ],
        [
          "SectionHeader",
          2
        ],
        [
          "Table",
          1
        ]
      ],
      "block_metadata": {
        "llm_request_count": 0,
        "llm_error_count": 0,
        "llm_tokens_used": 0
      }
    }
  ],
  "debug_data_path": "debug_data\\50458771_pro"
}