{
  "table_of_contents": [
    {
      "title": "TELE RADIO AB",
      "heading_level": null,
      "page_id": 0,
      "polygon": [
        [
          60.544002532958984,
          744.150390625
        ],
        [
          116.8196029663086,
          744.150390625
        ],
        [
          116.8196029663086,
          753.1953125
        ],
        [
          60.544002532958984,
          753.1953125
        ]
      ]
    },
    {
      "title": "TELE RADIO SVERIGE",
      "heading_level": null,
      "page_id": 0,
      "polygon": [
        [
          148.63623046875,
          744.97265625
        ],
        [
          215.5511474609375,
          744.97265625
        ],
        [
          215.5511474609375,
          754.017578125
        ],
        [
          148.63623046875,
          754.017578125
        ]
      ]
    },
    {
      "title": "TELE RADIO GmbH\nGermany",
      "heading_level": null,
      "page_id": 0,
      "polygon": [
        [
          227.1376953125,
          745.3796539306641
        ],
        [
          308.6505126953125,
          745.3796539306641
        ],
        [
          308.6505126953125,
          759.7734375
        ],
        [
          227.1376953125,
          761.41796875
        ]
      ]
    }
  ],
  "page_stats": [
    {
      "page_id": 0,
      "text_extraction_method": "pdftext",
      "block_counts": [
        [
          "Span",
          141
        ],
        [
          "Line",
          58
        ],
        [
          "TableCell",
          32
        ],
        [
          "Text",
          15
        ],
        [
          "SectionHeader",
          3
        ],
        [
          "Picture",
          2
        ],
        [
          "PageHeader",
          1
        ],
        [
          "Table",
          1
        ]
      ],
      "block_metadata": {
        "llm_request_count": 0,
        "llm_error_count": 0,
        "llm_tokens_used": 0
      }
    }
  ],
  "debug_data_path": "debug_data\\50112224_prodblad"
}