{
  "table_of_contents": [
    {
      "title": "",
      "heading_level": null,
      "page_id": 0,
      "polygon": [
        [
          447.873046875,
          35.2032470703125
        ],
        [
          539.251953125,
          35.2032470703125
        ],
        [
          539.251953125,
          58.278076171875
        ],
        [
          447.873046875,
          58.278076171875
        ]
      ]
    },
    {
      "title": "Exma Protector 909ML \n& Protector HD 909ML",
      "heading_level": null,
      "page_id": 0,
      "polygon": [
        [
          55.875,
          169.078369140625
        ],
        [
          470.10968017578125,
          169.078369140625
        ],
        [
          470.10968017578125,
          269.703125
        ],
        [
          55.875,
          269.703125
        ]
      ]
    },
    {
      "title": "L\u00e5shusmodell 909ML",
      "heading_level": null,
      "page_id": 1,
      "polygon": [
        [
          354.3306884765625,
          628.6220703125
        ],
        [
          462.1328125,
          628.6220703125
        ],
        [
          462.1328125,
          641.7783203125
        ],
        [
          354.3306884765625,
          641.7783203125
        ]
      ]
    }
  ],
  "page_stats": [
    {
      "page_id": 0,
      "text_extraction_method": "pdftext",
      "block_counts": [
        [
          "Span",
          91
        ],
        [
          "Line",
          48
        ],
        [
          "Text",
          6
        ],
        [
          "SectionHeader",
          2
        ],
        [
          "ListItem",
          2
        ],
        [
          "Picture",
          1
        ],
        [
          "ListGroup",
          1
        ]
      ],
      "block_metadata": {
        "llm_request_count": 0,
        "llm_error_count": 0,
        "llm_tokens_used": 0
      }
    },
    {
      "page_id": 1,
      "text_extraction_method": "pdftext",
      "block_counts": [
        [
          "Span",
          209
        ],
        [
          "Line",
          104
        ],
        [
          "TableCell",
          46
        ],
        [
          "Text",
          14
        ],
        [
          "PageHeader",
          3
        ],
        [
          "Table",
          3
        ],
        [
          "Figure",
          1
        ],
        [
          "SectionHeader",
          1
        ]
      ],
      "block_metadata": {
        "llm_request_count": 0,
        "llm_error_count": 0,
        "llm_tokens_used": 0
      }
    }
  ],
  "debug_data_path": "debug_data\\Exma Protector 909ML  Protector HD 909ML Motorl\u00e5s_4877660082496068113"
}