{
  "table_of_contents": [
    {
      "title": "Armb\u00e5gskontakt Svart \nAluminium",
      "heading_level": null,
      "page_id": 0,
      "polygon": [
        [
          246.19921875,
          98.569091796875
        ],
        [
          508.4349365234375,
          98.569091796875
        ],
        [
          508.4349365234375,
          155.5308837890625
        ],
        [
          246.19921875,
          155.5308837890625
        ]
      ]
    },
    {
      "title": "Specifikationer",
      "heading_level": null,
      "page_id": 0,
      "polygon": [
        [
          246.3447265625,
          357.2744140625
        ],
        [
          335.83203125,
          357.2744140625
        ],
        [
          335.83203125,
          370.01953125
        ],
        [
          246.3447265625,
          370.01953125
        ]
      ]
    }
  ],
  "page_stats": [
    {
      "page_id": 0,
      "text_extraction_method": "pdftext",
      "block_counts": [
        [
          "Span",
          77
        ],
        [
          "Line",
          26
        ],
        [
          "TableCell",
          24
        ],
        [
          "PageFooter",
          3
        ],
        [
          "Picture",
          2
        ],
        [
          "SectionHeader",
          2
        ],
        [
          "Text",
          2
        ],
        [
          "Table",
          1
        ]
      ],
      "block_metadata": {
        "llm_request_count": 0,
        "llm_error_count": 0,
        "llm_tokens_used": 0
      }
    }
  ],
  "debug_data_path": "debug_data\\50461921_pro"
}