{
  "table_of_contents": [
    {
      "title": "Elslutbleck serie 300",
      "heading_level": null,
      "page_id": 0,
      "polygon": [
        [
          443.5078125,
          7.284759521484375
        ],
        [
          582.61328125,
          7.284759521484375
        ],
        [
          582.61328125,
          24.603729248046875
        ],
        [
          443.5078125,
          24.603729248046875
        ]
      ]
    },
    {
      "title": "Elslutbleck serie 300",
      "heading_level": null,
      "page_id": 0,
      "polygon": [
        [
          440.59765625,
          424.2890625
        ],
        [
          581.44921875,
          424.2890625
        ],
        [
          581.44921875,
          448.134765625
        ],
        [
          440.59765625,
          448.134765625
        ]
      ]
    }
  ],
  "page_stats": [
    {
      "page_id": 0,
      "text_extraction_method": "pdftext",
      "block_counts": [
        [
          "Span",
          209
        ],
        [
          "TableCell",
          113
        ],
        [
          "Line",
          109
        ],
        [
          "Text",
          7
        ],
        [
          "ListItem",
          5
        ],
        [
          "Table",
          3
        ],
        [
          "Picture",
          3
        ],
        [
          "SectionHeader",
          2
        ],
        [
          "ListGroup",
          1
        ]
      ],
      "block_metadata": {
        "llm_request_count": 0,
        "llm_error_count": 0,
        "llm_tokens_used": 0
      }
    }
  ],
  "debug_data_path": "debug_data\\50021281_Pro"
}