{
  "table_of_contents": [
    {
      "title": "OPTISK BRANDVARNARE \nMTS-166/10Y",
      "heading_level": null,
      "page_id": 0,
      "polygon": [
        [
          35.3583984375,
          47.76849365234375
        ],
        [
          403.2806701660156,
          47.76849365234375
        ],
        [
          403.2806701660156,
          117.37841796875
        ],
        [
          35.3583984375,
          117.37841796875
        ]
      ]
    },
    {
      "title": "TEKNISK DATA",
      "heading_level": null,
      "page_id": 0,
      "polygon": [
        [
          32.048095703125,
          649.1787109375
        ],
        [
          98.654296875,
          649.1787109375
        ],
        [
          98.654296875,
          659.9792175292969
        ],
        [
          32.048095703125,
          659.9792175292969
        ]
      ]
    }
  ],
  "page_stats": [
    {
      "page_id": 0,
      "text_extraction_method": "pdftext",
      "block_counts": [
        [
          "Span",
          94
        ],
        [
          "Line",
          32
        ],
        [
          "TableCell",
          24
        ],
        [
          "ListItem",
          10
        ],
        [
          "Picture",
          3
        ],
        [
          "SectionHeader",
          2
        ],
        [
          "Table",
          1
        ],
        [
          "ListGroup",
          1
        ]
      ],
      "block_metadata": {
        "llm_request_count": 0,
        "llm_error_count": 0,
        "llm_tokens_used": 0
      }
    }
  ],
  "debug_data_path": "debug_data\\50154975_pro"
}