{
  "table_of_contents": [
    {
      "title": "DATA SHEET",
      "heading_level": null,
      "page_id": 0,
      "polygon": [
        [
          46.92626953125,
          111.21142578125
        ],
        [
          147.13729858398438,
          111.21142578125
        ],
        [
          147.13729858398438,
          131.770751953125
        ],
        [
          46.92626953125,
          131.770751953125
        ]
      ]
    },
    {
      "title": "NO MERCURY ADDED",
      "heading_level": null,
      "page_id": 0,
      "polygon": [
        [
          33.83056640625,
          155.305419921875
        ],
        [
          158.021484375,
          155.305419921875
        ],
        [
          158.021484375,
          170.67694091796875
        ],
        [
          33.83056640625,
          170.67694091796875
        ]
      ]
    },
    {
      "title": "Discharge curve:",
      "heading_level": null,
      "page_id": 0,
      "polygon": [
        [
          27.5039005279541,
          508.16015625
        ],
        [
          120.05790710449219,
          508.16015625
        ],
        [
          120.05790710449219,
          521.5026245117188
        ],
        [
          27.5039005279541,
          521.5026245117188
        ]
      ]
    },
    {
      "title": "",
      "heading_level": null,
      "page_id": 0,
      "polygon": [
        [
          33.10302734375,
          783.2080078125
        ],
        [
          137.72314453125,
          783.2080078125
        ],
        [
          137.72314453125,
          793.0751953125
        ],
        [
          33.10302734375,
          793.0751953125
        ]
      ]
    }
  ],
  "page_stats": [
    {
      "page_id": 0,
      "text_extraction_method": "pdftext",
      "block_counts": [
        [
          "Span",
          243
        ],
        [
          "Line",
          82
        ],
        [
          "TableCell",
          44
        ],
        [
          "SectionHeader",
          4
        ],
        [
          "Text",
          4
        ],
        [
          "Table",
          3
        ],
        [
          "Picture",
          2
        ],
        [
          "Figure",
          2
        ],
        [
          "PageHeader",
          1
        ]
      ],
      "block_metadata": {
        "llm_request_count": 0,
        "llm_error_count": 0,
        "llm_tokens_used": 0
      }
    }
  ],
  "debug_data_path": "debug_data\\50464575_pro"
}