{
  "table_of_contents": [
    {
      "title": "PASSAR TILL",
      "heading_level": null,
      "page_id": 0,
      "polygon": [
        [
          352.12890625,
          149.03564453125
        ],
        [
          414.98828125,
          149.03564453125
        ],
        [
          414.98828125,
          161.5751953125
        ],
        [
          352.12890625,
          161.5751953125
        ]
      ]
    },
    {
      "title": "PASSAR TILL",
      "heading_level": null,
      "page_id": 0,
      "polygon": [
        [
          350.673828125,
          352.7535400390625
        ],
        [
          417.025390625,
          352.7535400390625
        ],
        [
          417.025390625,
          367.1416015625
        ],
        [
          350.673828125,
          367.1416015625
        ]
      ]
    },
    {
      "title": "PASSAR TILL",
      "heading_level": null,
      "page_id": 0,
      "polygon": [
        [
          352.9169006347656,
          553.7958984375
        ],
        [
          415.5703125,
          553.7958984375
        ],
        [
          415.5703125,
          566.9521484375
        ],
        [
          352.9169006347656,
          566.9521484375
        ]
      ]
    }
  ],
  "page_stats": [
    {
      "page_id": 0,
      "text_extraction_method": "pdftext",
      "block_counts": [
        [
          "Span",
          55
        ],
        [
          "Line",
          28
        ],
        [
          "Text",
          9
        ],
        [
          "Picture",
          4
        ],
        [
          "SectionHeader",
          3
        ]
      ],
      "block_metadata": {
        "llm_request_count": 0,
        "llm_error_count": 0,
        "llm_tokens_used": 0
      }
    },
    {
      "page_id": 1,
      "text_extraction_method": "pdftext",
      "block_counts": [
        [
          "Span",
          49
        ],
        [
          "Line",
          25
        ],
        [
          "Picture",
          3
        ]
      ],
      "block_metadata": {
        "llm_request_count": 0,
        "llm_error_count": 0,
        "llm_tokens_used": 0
      }
    }
  ],
  "debug_data_path": "debug_data\\N\u00f6d\u00f6ppnare - Guidecopiaxsehttpswwwcopiaxse  doc  8128333_gui_2987078361538331465"
}