{
  "table_of_contents": [
    {
      "title": "ELEKTRONISKA L\u00c5S F\u00d6R HEM OCH F\u00d6RETAG",
      "heading_level": null,
      "page_id": 0,
      "polygon": [
        [
          172.1357421875,
          793.6009979248047
        ],
        [
          423.13671875,
          793.6009979248047
        ],
        [
          423.13671875,
          811.1650390625
        ],
        [
          172.1357421875,
          811.1650390625
        ]
      ]
    }
  ],
  "page_stats": [
    {
      "page_id": 0,
      "text_extraction_method": "pdftext",
      "block_counts": [
        [
          "Line",
          10
        ],
        [
          "Span",
          10
        ],
        [
          "Text",
          4
        ],
        [
          "Picture",
          3
        ],
        [
          "SectionHeader",
          1
        ]
      ],
      "block_metadata": {
        "llm_request_count": 0,
        "llm_error_count": 0,
        "llm_tokens_used": 0
      }
    }
  ],
  "debug_data_path": "debug_data\\50139471_pro"
}