{
  "table_of_contents": [
    {
      "title": "CS-CMT-Solar Panel-E",
      "heading_level": null,
      "page_id": 0,
      "polygon": [
        [
          43.08000183105469,
          43.6314697265625
        ],
        [
          252.892578125,
          43.6314697265625
        ],
        [
          252.892578125,
          70.1495361328125
        ],
        [
          43.08000183105469,
          70.1495361328125
        ]
      ]
    },
    {
      "title": "Introduction",
      "heading_level": null,
      "page_id": 0,
      "polygon": [
        [
          242.8525390625,
          144.615966796875
        ],
        [
          358.2969665527344,
          144.615966796875
        ],
        [
          358.2969665527344,
          169.3900146484375
        ],
        [
          242.8525390625,
          169.3900146484375
        ]
      ]
    },
    {
      "title": "Specification",
      "heading_level": null,
      "page_id": 0,
      "polygon": [
        [
          41.360595703125,
          331.373046875
        ],
        [
          161.22265625,
          331.373046875
        ],
        [
          161.22265625,
          357.2744140625
        ],
        [
          41.360595703125,
          357.2744140625
        ]
      ]
    }
  ],
  "page_stats": [
    {
      "page_id": 0,
      "text_extraction_method": "pdftext",
      "block_counts": [
        [
          "Span",
          139
        ],
        [
          "TableCell",
          32
        ],
        [
          "Line",
          27
        ],
        [
          "SectionHeader",
          3
        ],
        [
          "Text",
          3
        ],
        [
          "Picture",
          2
        ],
        [
          "Table",
          1
        ],
        [
          "PageFooter",
          1
        ]
      ],
      "block_metadata": {
        "llm_request_count": 0,
        "llm_error_count": 0,
        "llm_tokens_used": 0
      }
    }
  ],
  "debug_data_path": "debug_data\\50463842_pro"
}