{
  "table_of_contents": [
    {
      "title": "Karm\u00f6verf\u00f6ring 71 KPF",
      "heading_level": null,
      "page_id": 0,
      "polygon": [
        [
          559.24560546875,
          2.4097747802734375
        ],
        [
          725.87646484375,
          2.4097747802734375
        ],
        [
          725.87646484375,
          21.49114990234375
        ],
        [
          559.24560546875,
          21.49114990234375
        ]
      ]
    },
    {
      "title": "Frame bridge 71 KPF",
      "heading_level": null,
      "page_id": 1,
      "polygon": [
        [
          577.67822265625,
          2.8292236328125
        ],
        [
          728.08837890625,
          2.8292236328125
        ],
        [
          728.08837890625,
          21.49114990234375
        ],
        [
          577.67822265625,
          21.49114990234375
        ]
      ]
    },
    {
      "title": "Package contains:",
      "heading_level": null,
      "page_id": 1,
      "polygon": [
        [
          68.33892822265625,
          380.30029296875
        ],
        [
          135.479736328125,
          380.30029296875
        ],
        [
          135.479736328125,
          391.9330139160156
        ],
        [
          68.33892822265625,
          391.9330139160156
        ]
      ]
    }
  ],
  "page_stats": [
    {
      "page_id": 0,
      "text_extraction_method": "pdftext",
      "block_counts": [
        [
          "Span",
          67
        ],
        [
          "Line",
          29
        ],
        [
          "Text",
          4
        ],
        [
          "ListItem",
          4
        ],
        [
          "Figure",
          3
        ],
        [
          "Picture",
          2
        ],
        [
          "SectionHeader",
          1
        ],
        [
          "ListGroup",
          1
        ]
      ],
      "block_metadata": {
        "llm_request_count": 0,
        "llm_error_count": 0,
        "llm_tokens_used": 0
      }
    },
    {
      "page_id": 1,
      "text_extraction_method": "pdftext",
      "block_counts": [
        [
          "Span",
          115
        ],
        [
          "Line",
          30
        ],
        [
          "Text",
          6
        ],
        [
          "ListItem",
          4
        ],
        [
          "Picture",
          2
        ],
        [
          "SectionHeader",
          2
        ],
        [
          "Figure",
          1
        ],
        [
          "ListGroup",
          1
        ]
      ],
      "block_metadata": {
        "llm_request_count": 0,
        "llm_error_count": 0,
        "llm_tokens_used": 0
      }
    }
  ],
  "debug_data_path": "debug_data\\8151211_Ins"
}