{
  "table_of_contents": [
    {
      "title": "Smart Plug Mini\nMonitor and control electronics remotely",
      "heading_level": null,
      "page_id": 0,
      "polygon": [
        [
          58.85791015625,
          242.1572265625
        ],
        [
          328.9267272949219,
          242.1572265625
        ],
        [
          328.9267272949219,
          281.70013427734375
        ],
        [
          58.85791015625,
          281.70013427734375
        ]
      ]
    },
    {
      "title": "Small and smart",
      "heading_level": null,
      "page_id": 0,
      "polygon": [
        [
          58.967041015625,
          485.13671875
        ],
        [
          167.916015625,
          485.13671875
        ],
        [
          167.916015625,
          502.404296875
        ],
        [
          58.967041015625,
          502.404296875
        ]
      ]
    },
    {
      "title": "World's smallest smart plug \nSecure communication\nEasy installation",
      "heading_level": null,
      "page_id": 0,
      "polygon": [
        [
          143.68896484375,
          592.03125
        ],
        [
          335.83203125,
          592.03125
        ],
        [
          335.83203125,
          644.65625
        ],
        [
          143.68896484375,
          644.65625
        ]
      ]
    },
    {
      "title": "Smart Plug Mini - Technical Specifications",
      "heading_level": null,
      "page_id": 1,
      "polygon": [
        [
          59.076171875,
          241.12939453125
        ],
        [
          370.462890625,
          241.12939453125
        ],
        [
          370.462890625,
          260.86376953125
        ],
        [
          59.076171875,
          260.86376953125
        ]
      ]
    }
  ],
  "page_stats": [
    {
      "page_id": 0,
      "text_extraction_method": "pdftext",
      "block_counts": [
        [
          "Span",
          62
        ],
        [
          "Line",
          28
        ],
        [
          "Text",
          4
        ],
        [
          "SectionHeader",
          3
        ],
        [
          "ListItem",
          3
        ],
        [
          "Picture",
          2
        ],
        [
          "Figure",
          2
        ],
        [
          "PageFooter",
          1
        ],
        [
          "ListGroup",
          1
        ]
      ],
      "block_metadata": {
        "llm_request_count": 0,
        "llm_error_count": 0,
        "llm_tokens_used": 0
      }
    },
    {
      "page_id": 1,
      "text_extraction_method": "pdftext",
      "block_counts": [
        [
          "Span",
          75
        ],
        [
          "TableCell",
          52
        ],
        [
          "Line",
          30
        ],
        [
          "Picture",
          2
        ],
        [
          "Figure",
          1
        ],
        [
          "SectionHeader",
          1
        ],
        [
          "Table",
          1
        ],
        [
          "Text",
          1
        ]
      ],
      "block_metadata": {
        "llm_request_count": 0,
        "llm_error_count": 0,
        "llm_tokens_used": 0
      }
    }
  ],
  "debug_data_path": "debug_data\\50460123_pro"
}