{
  "table_of_contents": [
    {
      "title": "UniScan Y-adapter",
      "heading_level": null,
      "page_id": 0,
      "polygon": [
        [
          40.8876953125,
          27.1861572265625
        ],
        [
          224.5185546875,
          27.1861572265625
        ],
        [
          224.5185546875,
          54.1767578125
        ],
        [
          40.8876953125,
          54.1767578125
        ]
      ]
    },
    {
      "title": "2 Montering",
      "heading_level": null,
      "page_id": 0,
      "polygon": [
        [
          49.613494873046875,
          214.81689453125
        ],
        [
          110.21119689941406,
          214.81689453125
        ],
        [
          110.21119689941406,
          225.82757568359375
        ],
        [
          49.613494873046875,
          225.82757568359375
        ]
      ]
    },
    {
      "title": "3 Anslutning",
      "heading_level": null,
      "page_id": 0,
      "polygon": [
        [
          48.52685546875,
          552.1513671875
        ],
        [
          111.88119506835938,
          552.1513671875
        ],
        [
          111.88119506835938,
          564.5192565917969
        ],
        [
          48.52685546875,
          564.5192565917969
        ]
      ]
    },
    {
      "title": "",
      "heading_level": null,
      "page_id": 0,
      "polygon": [
        [
          92.54296875,
          27.854248046875
        ],
        [
          281.12109375,
          27.854248046875
        ],
        [
          281.12109375,
          58.483642578125
        ],
        [
          92.54296875,
          58.483642578125
        ]
      ]
    }
  ],
  "page_stats": [
    {
      "page_id": 0,
      "text_extraction_method": "pdftext",
      "block_counts": [
        [
          "Span",
          280
        ],
        [
          "Line",
          141
        ],
        [
          "ListItem",
          10
        ],
        [
          "Text",
          7
        ],
        [
          "SectionHeader",
          4
        ],
        [
          "Picture",
          3
        ],
        [
          "Figure",
          2
        ],
        [
          "ListGroup",
          2
        ],
        [
          "PageFooter",
          1
        ],
        [
          "PageHeader",
          1
        ]
      ],
      "block_metadata": {
        "llm_request_count": 0,
        "llm_error_count": 0,
        "llm_tokens_used": 0
      }
    }
  ],
  "debug_data_path": "debug_data\\50026266_inst.manual"
}