{
  "table_of_contents": [
    {
      "title": "US SERIES-Front Terminal\nUS12-40FT (12V40AH)",
      "heading_level": null,
      "page_id": 0,
      "polygon": [
        [
          271.0810546875,
          51.05755615234375
        ],
        [
          574.2317380352645,
          51.05755615234375
        ],
        [
          574.2317380352645,
          112.650390625
        ],
        [
          271.0810546875,
          112.650390625
        ]
      ]
    },
    {
      "title": "General Features",
      "heading_level": null,
      "page_id": 0,
      "polygon": [
        [
          266.4248046875,
          122.21371326803205
        ],
        [
          364.05541561712846,
          122.620361328125
        ],
        [
          364.05541561712846,
          135.982177734375
        ],
        [
          266.4248046875,
          135.982177734375
        ]
      ]
    },
    {
      "title": "Dimensi ons",
      "heading_level": null,
      "page_id": 1,
      "polygon": [
        [
          38.28211586901763,
          48.12823486328125
        ],
        [
          110.3425692695214,
          48.12823486328125
        ],
        [
          110.3425692695214,
          60.744873046875
        ],
        [
          38.28211586901763,
          60.744873046875
        ]
      ]
    }
  ],
  "page_stats": [
    {
      "page_id": 0,
      "text_extraction_method": "surya",
      "block_counts": [
        [
          "TableCell",
          285
        ],
        [
          "Line",
          19
        ],
        [
          "Span",
          19
        ],
        [
          "ListItem",
          8
        ],
        [
          "Picture",
          5
        ],
        [
          "Table",
          3
        ],
        [
          "SectionHeader",
          2
        ],
        [
          "ListGroup",
          1
        ]
      ],
      "block_metadata": {
        "llm_request_count": 0,
        "llm_error_count": 0,
        "llm_tokens_used": 0
      }
    },
    {
      "page_id": 1,
      "text_extraction_method": "surya",
      "block_counts": [
        [
          "Line",
          166
        ],
        [
          "Span",
          166
        ],
        [
          "Figure",
          3
        ],
        [
          "SectionHeader",
          1
        ]
      ],
      "block_metadata": {
        "llm_request_count": 0,
        "llm_error_count": 0,
        "llm_tokens_used": 0
      }
    }
  ],
  "debug_data_path": "debug_data\\50142567_pro"
}