{
  "table_of_contents": [
    {
      "title": "Cylinderf\u00f6rl\u00e4ngare",
      "heading_level": null,
      "page_id": 0,
      "polygon": [
        [
          26.220500946044922,
          23.46026611328125
        ],
        [
          291.71685791015625,
          23.46026611328125
        ],
        [
          291.71685791015625,
          66.80908203125
        ],
        [
          26.220500946044922,
          66.80908203125
        ]
      ]
    },
    {
      "title": "Anv\u00e4ndningsomr\u00e5de",
      "heading_level": null,
      "page_id": 0,
      "polygon": [
        [
          137.068359375,
          557.49609375
        ],
        [
          213.314453125,
          557.49609375
        ],
        [
          213.314453125,
          567.36328125
        ],
        [
          137.068359375,
          567.36328125
        ]
      ]
    },
    {
      "title": "Egenskaper",
      "heading_level": null,
      "page_id": 0,
      "polygon": [
        [
          137.2138671875,
          611.3544921875
        ],
        [
          179.7021484375,
          611.3544921875
        ],
        [
          179.7021484375,
          620.5955352783203
        ],
        [
          137.2138671875,
          620.5955352783203
        ]
      ]
    },
    {
      "title": "Funktion",
      "heading_level": null,
      "page_id": 0,
      "polygon": [
        [
          358.29840087890625,
          557.0849609375
        ],
        [
          390.54296875,
          557.0849609375
        ],
        [
          390.54296875,
          566.8035583496094
        ],
        [
          358.29840087890625,
          566.8035583496094
        ]
      ]
    }
  ],
  "page_stats": [
    {
      "page_id": 0,
      "text_extraction_method": "pdftext",
      "block_counts": [
        [
          "Span",
          85
        ],
        [
          "Line",
          46
        ],
        [
          "Text",
          15
        ],
        [
          "SectionHeader",
          4
        ],
        [
          "Picture",
          2
        ],
        [
          "PageHeader",
          2
        ]
      ],
      "block_metadata": {
        "llm_request_count": 0,
        "llm_error_count": 0,
        "llm_tokens_used": 0
      }
    }
  ],
  "debug_data_path": "debug_data\\Cylinderf\u00f6rl\u00e4ngarecopiaxsehttpscopiaxse  images  doc  50152737_pro_-7383983265173883234"
}