{
  "table_of_contents": [
    {
      "title": "RC 2 REL\u00c4KORT",
      "heading_level": null,
      "page_id": 0,
      "polygon": [
        [
          55.94775390625,
          71.228759765625
        ],
        [
          153.365234375,
          71.228759765625
        ],
        [
          153.365234375,
          89.98370361328125
        ],
        [
          55.94775390625,
          89.98370361328125
        ]
      ]
    },
    {
      "title": "F\u00f6rdelar",
      "heading_level": null,
      "page_id": 0,
      "polygon": [
        [
          66.27880859375,
          165.75457763671875
        ],
        [
          107.13019561767578,
          165.75457763671875
        ],
        [
          107.13019561767578,
          179.75457763671875
        ],
        [
          66.27880859375,
          179.75457763671875
        ]
      ]
    }
  ],
  "page_stats": [
    {
      "page_id": 0,
      "text_extraction_method": "pdftext",
      "block_counts": [
        [
          "Span",
          272
        ],
        [
          "Line",
          108
        ],
        [
          "TableCell",
          28
        ],
        [
          "Text",
          22
        ],
        [
          "ListItem",
          5
        ],
        [
          "Table",
          3
        ],
        [
          "Picture",
          2
        ],
        [
          "SectionHeader",
          2
        ],
        [
          "Figure",
          2
        ],
        [
          "PageHeader",
          1
        ],
        [
          "PageFooter",
          1
        ],
        [
          "ListGroup",
          1
        ]
      ],
      "block_metadata": {
        "llm_request_count": 0,
        "llm_error_count": 0,
        "llm_tokens_used": 0
      }
    }
  ],
  "debug_data_path": "debug_data\\RC 2 REL\u00c4KORTcopiaxsehttpswwwcopiaxse  doc  50024105_pro_4535963940673245977"
}