{
  "table_of_contents": [
    {
      "title": "Batteribackup EN54 FLX M",
      "heading_level": null,
      "page_id": 0,
      "polygon": [
        [
          35.267704010009766,
          11.396087646484375
        ],
        [
          355.0390625,
          11.396087646484375
        ],
        [
          355.0390625,
          40.73968505859375
        ],
        [
          35.267704010009766,
          40.73968505859375
        ]
      ]
    },
    {
      "title": "F\u00f6rv\u00e4ntad drifttid vid potentiellt str\u00f6mavbrott \n(nya batterier): Vid nedan last:",
      "heading_level": null,
      "page_id": 0,
      "polygon": [
        [
          37.6865234375,
          660.279296875
        ],
        [
          529.1460571289062,
          660.279296875
        ],
        [
          529.1460571289062,
          694.814453125
        ],
        [
          37.6865234375,
          694.814453125
        ]
      ]
    },
    {
      "title": "Teknisk data",
      "heading_level": null,
      "page_id": 1,
      "polygon": [
        [
          35.976806640625,
          10.779388427734375
        ],
        [
          151.7646484375,
          10.779388427734375
        ],
        [
          151.7646484375,
          34.47998046875
        ],
        [
          35.976806640625,
          34.47998046875
        ]
      ]
    }
  ],
  "page_stats": [
    {
      "page_id": 0,
      "text_extraction_method": "pdftext",
      "block_counts": [
        [
          "Span",
          193
        ],
        [
          "TableCell",
          60
        ],
        [
          "Line",
          39
        ],
        [
          "Text",
          9
        ],
        [
          "SectionHeader",
          2
        ],
        [
          "Picture",
          2
        ],
        [
          "Table",
          1
        ],
        [
          "PageFooter",
          1
        ]
      ],
      "block_metadata": {
        "llm_request_count": 0,
        "llm_error_count": 0,
        "llm_tokens_used": 0
      }
    },
    {
      "page_id": 1,
      "text_extraction_method": "pdftext",
      "block_counts": [
        [
          "Span",
          328
        ],
        [
          "TableCell",
          217
        ],
        [
          "Line",
          66
        ],
        [
          "Text",
          3
        ],
        [
          "PageFooter",
          2
        ],
        [
          "SectionHeader",
          1
        ],
        [
          "Table",
          1
        ],
        [
          "Picture",
          1
        ]
      ],
      "block_metadata": {
        "llm_request_count": 0,
        "llm_error_count": 0,
        "llm_tokens_used": 0
      }
    }
  ],
  "debug_data_path": "debug_data\\50152588_pro"
}