{
  "table_of_contents": [
    {
      "title": "EC Declaration of Conformity\nCE mark",
      "heading_level": null,
      "page_id": 0,
      "polygon": [
        [
          146.12720403022672,
          91.6763916015625
        ],
        [
          459.6142578125,
          91.6763916015625
        ],
        [
          459.6142578125,
          144.2388916015625
        ],
        [
          146.12720403022672,
          144.2388916015625
        ]
      ]
    },
    {
      "title": "RoHS Directive 2011/65/EU",
      "heading_level": null,
      "page_id": 0,
      "polygon": [
        [
          204.967041015625,
          366.5320855614973
        ],
        [
          345.4596977329975,
          366.5320855614973
        ],
        [
          345.4596977329975,
          378.6142578125
        ],
        [
          204.967041015625,
          378.6142578125
        ]
      ]
    }
  ],
  "page_stats": [
    {
      "page_id": 0,
      "text_extraction_method": "surya",
      "block_counts": [
        [
          "Line",
          29
        ],
        [
          "Span",
          29
        ],
        [
          "Text",
          10
        ],
        [
          "Picture",
          2
        ],
        [
          "SectionHeader",
          2
        ],
        [
          "Figure",
          2
        ],
        [
          "PageFooter",
          1
        ]
      ],
      "block_metadata": {
        "llm_request_count": 0,
        "llm_error_count": 0,
        "llm_tokens_used": 0
      }
    }
  ],
  "debug_data_path": "debug_data\\50155929_cert"
}