{
  "table_of_contents": [
    {
      "title": "Rel\u00e4box 10-30V DC/AC",
      "heading_level": null,
      "page_id": 0,
      "polygon": [
        [
          208.69000244140625,
          86.337890625
        ],
        [
          402.9567565917969,
          86.337890625
        ],
        [
          402.9567565917969,
          106.89453125
        ],
        [
          208.69000244140625,
          106.89453125
        ]
      ]
    },
    {
      "title": "28220.03\n50 152 99",
      "heading_level": null,
      "page_id": 0,
      "polygon": [
        [
          270.1199951171875,
          713.7265625
        ],
        [
          323.7535705566406,
          713.7265625
        ],
        [
          323.7535705566406,
          741.4648284912109
        ],
        [
          270.1199951171875,
          741.4648284912109
        ]
      ]
    }
  ],
  "page_stats": [
    {
      "page_id": 0,
      "text_extraction_method": "pdftext",
      "block_counts": [
        [
          "Span",
          61
        ],
        [
          "Line",
          21
        ],
        [
          "TableCell",
          18
        ],
        [
          "Text",
          3
        ],
        [
          "Picture",
          2
        ],
        [
          "SectionHeader",
          2
        ],
        [
          "PageHeader",
          1
        ],
        [
          "Figure",
          1
        ],
        [
          "Table",
          1
        ],
        [
          "PageFooter",
          1
        ]
      ],
      "block_metadata": {
        "llm_request_count": 0,
        "llm_error_count": 0,
        "llm_tokens_used": 0
      }
    }
  ],
  "debug_data_path": "debug_data\\50025919_prodblad"
}