{
  "table_of_contents": [
    {
      "title": "",
      "heading_level": null,
      "page_id": 0,
      "polygon": [
        [
          27.01263427734375,
          0.272369384765625
        ],
        [
          160.94384765625,
          0.272369384765625
        ],
        [
          160.94384765625,
          27.8179931640625
        ],
        [
          27.01263427734375,
          27.8179931640625
        ]
      ]
    },
    {
      "title": "Omnis E200 Hardware Technical Information / Teknisk information",
      "heading_level": null,
      "page_id": 0,
      "polygon": [
        [
          26.8582763671875,
          40.78277587890625
        ],
        [
          333.00146484375,
          40.78277587890625
        ],
        [
          333.00146484375,
          57.625
        ],
        [
          26.8582763671875,
          57.625
        ]
      ]
    }
  ],
  "page_stats": [
    {
      "page_id": 0,
      "text_extraction_method": "pdftext",
      "block_counts": [
        [
          "Span",
          284
        ],
        [
          "Line",
          101
        ],
        [
          "TableCell",
          89
        ],
        [
          "Table",
          3
        ],
        [
          "SectionHeader",
          2
        ],
        [
          "Text",
          1
        ]
      ],
      "block_metadata": {
        "llm_request_count": 0,
        "llm_error_count": 0,
        "llm_tokens_used": 0
      }
    },
    {
      "page_id": 1,
      "text_extraction_method": "pdftext",
      "block_counts": [
        [
          "Span",
          590
        ],
        [
          "Line",
          117
        ],
        [
          "TableCell",
          61
        ],
        [
          "Figure",
          1
        ],
        [
          "Table",
          1
        ],
        [
          "PageFooter",
          1
        ]
      ],
      "block_metadata": {
        "llm_request_count": 0,
        "llm_error_count": 0,
        "llm_tokens_used": 0
      }
    }
  ],
  "debug_data_path": "debug_data\\50116763_Pro"
}