{
  "table_of_contents": [
    {
      "title": "35\n\u00d818",
      "heading_level": null,
      "page_id": 0,
      "polygon": [
        [
          275.0146484375,
          104.48388671874999
        ],
        [
          445.44940185546875,
          104.48388671874999
        ],
        [
          445.44940185546875,
          195.54541015625
        ],
        [
          273.5400390625,
          195.54541015625
        ]
      ]
    },
    {
      "title": "",
      "heading_level": null,
      "page_id": 1,
      "polygon": [
        [
          287.18017578125,
          4.0546722412109375
        ],
        [
          390.40283203125,
          4.0546722412109375
        ],
        [
          390.40283203125,
          19.4755859375
        ],
        [
          287.18017578125,
          19.4755859375
        ]
      ]
    },
    {
      "title": "Dust-excluding floor socket 17 HZ",
      "heading_level": null,
      "page_id": 1,
      "polygon": [
        [
          428.1648864746094,
          2.6565093994140625
        ],
        [
          729.1943359375,
          1.6037750244140623
        ],
        [
          729.1943359375,
          24.8050537109375
        ],
        [
          428.1648864746094,
          25.857788085937496
        ]
      ]
    }
  ],
  "page_stats": [
    {
      "page_id": 0,
      "text_extraction_method": "pdftext",
      "block_counts": [
        [
          "Span",
          83
        ],
        [
          "Line",
          40
        ],
        [
          "ListItem",
          6
        ],
        [
          "Text",
          5
        ],
        [
          "Figure",
          2
        ],
        [
          "Picture",
          2
        ],
        [
          "Caption",
          1
        ],
        [
          "SectionHeader",
          1
        ],
        [
          "PageHeader",
          1
        ],
        [
          "FigureGroup",
          1
        ],
        [
          "ListGroup",
          1
        ]
      ],
      "block_metadata": {
        "llm_request_count": 0,
        "llm_error_count": 0,
        "llm_tokens_used": 0
      }
    },
    {
      "page_id": 1,
      "text_extraction_method": "pdftext",
      "block_counts": [
        [
          "Span",
          183
        ],
        [
          "Line",
          40
        ],
        [
          "Text",
          13
        ],
        [
          "Figure",
          5
        ],
        [
          "ListItem",
          5
        ],
        [
          "SectionHeader",
          2
        ],
        [
          "Picture",
          2
        ],
        [
          "ListGroup",
          1
        ]
      ],
      "block_metadata": {
        "llm_request_count": 0,
        "llm_error_count": 0,
        "llm_tokens_used": 0
      }
    }
  ],
  "debug_data_path": "debug_data\\8128222_Ins"
}