{
  "table_of_contents": [
    {
      "title": "SMPS SELV-sp\u00e4nning typ PSLR 30",
      "heading_level": null,
      "page_id": 0,
      "polygon": [
        [
          70.91999816894531,
          35.3060302734375
        ],
        [
          529.5228881835938,
          35.3060302734375
        ],
        [
          529.5228881835938,
          65.884033203125
        ],
        [
          70.91999816894531,
          65.884033203125
        ]
      ]
    }
  ],
  "page_stats": [
    {
      "page_id": 0,
      "text_extraction_method": "pdftext",
      "block_counts": [
        [
          "Span",
          90
        ],
        [
          "TableCell",
          58
        ],
        [
          "Line",
          34
        ],
        [
          "Text",
          6
        ],
        [
          "Picture",
          2
        ],
        [
          "ListItem",
          2
        ],
        [
          "SectionHeader",
          1
        ],
        [
          "Table",
          1
        ],
        [
          "PageFooter",
          1
        ],
        [
          "ListGroup",
          1
        ]
      ],
      "block_metadata": {
        "llm_request_count": 0,
        "llm_error_count": 0,
        "llm_tokens_used": 0
      }
    }
  ],
  "debug_data_path": "debug_data\\PSLR 30copiaxsehttpscopiaxse  images  doc  50024601_pro_-5015040289934348948"
}