{
  "table_of_contents": [
    {
      "title": "MLR-1105",
      "heading_level": null,
      "page_id": 0,
      "polygon": [
        [
          372.16552734375,
          33.1475830078125
        ],
        [
          552.29248046875,
          33.1475830078125
        ],
        [
          552.29248046875,
          77.5499267578125
        ],
        [
          372.16552734375,
          77.5499267578125
        ]
      ]
    },
    {
      "title": "TR\u00c5DL\u00d6S D\u00d6RRKLOCKA M S\u00c4NDARE",
      "heading_level": null,
      "page_id": 0,
      "polygon": [
        [
          306.2158203125,
          153.866455078125
        ],
        [
          571.3907470703125,
          153.866455078125
        ],
        [
          571.3907470703125,
          172.778564453125
        ],
        [
          306.2158203125,
          172.778564453125
        ]
      ]
    }
  ],
  "page_stats": [
    {
      "page_id": 0,
      "text_extraction_method": "pdftext",
      "block_counts": [
        [
          "Span",
          55
        ],
        [
          "Line",
          27
        ],
        [
          "Text",
          8
        ],
        [
          "Picture",
          5
        ],
        [
          "SectionHeader",
          2
        ]
      ],
      "block_metadata": {
        "llm_request_count": 0,
        "llm_error_count": 0,
        "llm_tokens_used": 0
      }
    }
  ],
  "debug_data_path": "debug_data\\MLR-1105Copiaxhttpswwwcopiaxse  doc  50100976_Pro_6635050858592928661"
}