{
  "table_of_contents": [
    {
      "title": "Declaration of conformity \n Str\u00f6mf\u00f6rs\u00f6rjning med plats f\u00f6r batteri",
      "heading_level": null,
      "page_id": 0,
      "polygon": [
        [
          -65.66399383544922,
          115.71435546875
        ],
        [
          412.0806884765625,
          115.71435546875
        ],
        [
          412.0806884765625,
          135.75433349609375
        ],
        [
          -65.66399383544922,
          135.75433349609375
        ]
      ]
    }
  ],
  "page_stats": [
    {
      "page_id": 0,
      "text_extraction_method": "pdftext",
      "block_counts": [
        [
          "Span",
          108
        ],
        [
          "Line",
          53
        ],
        [
          "Text",
          21
        ],
        [
          "Handwriting",
          2
        ],
        [
          "PageHeader",
          1
        ],
        [
          "SectionHeader",
          1
        ]
      ],
      "block_metadata": {
        "llm_request_count": 0,
        "llm_error_count": 0,
        "llm_tokens_used": 0
      }
    }
  ],
  "debug_data_path": "debug_data\\50097984_sak"
}