{
  "table_of_contents": [
    {
      "title": "RC 020 REL\u00c4KORT",
      "heading_level": null,
      "page_id": 0,
      "polygon": [
        [
          56.38427734375,
          70.406494140625
        ],
        [
          170.244140625,
          70.406494140625
        ],
        [
          170.244140625,
          89.98370361328125
        ],
        [
          56.38427734375,
          89.98370361328125
        ]
      ]
    },
    {
      "title": "F\u00f6rdelar",
      "heading_level": null,
      "page_id": 0,
      "polygon": [
        [
          66.096923828125,
          173.313720703125
        ],
        [
          107.966796875,
          173.313720703125
        ],
        [
          107.966796875,
          187.313720703125
        ],
        [
          66.096923828125,
          187.313720703125
        ]
      ]
    }
  ],
  "page_stats": [
    {
      "page_id": 0,
      "text_extraction_method": "pdftext",
      "block_counts": [
        [
          "Span",
          91
        ],
        [
          "Line",
          25
        ],
        [
          "TableCell",
          9
        ],
        [
          "ListItem",
          4
        ],
        [
          "Picture",
          2
        ],
        [
          "SectionHeader",
          2
        ],
        [
          "Table",
          2
        ],
        [
          "PageHeader",
          1
        ],
        [
          "Text",
          1
        ],
        [
          "Figure",
          1
        ],
        [
          "PageFooter",
          1
        ],
        [
          "ListGroup",
          1
        ]
      ],
      "block_metadata": {
        "llm_request_count": 0,
        "llm_error_count": 0,
        "llm_tokens_used": 0
      }
    }
  ],
  "debug_data_path": "debug_data\\50090623_pro"
}