{
  "table_of_contents": [
    {
      "title": "DOCBOX-A4-I",
      "heading_level": null,
      "page_id": 0,
      "polygon": [
        [
          62.05908203125,
          65.3701171875
        ],
        [
          216.93661499023438,
          65.3701171875
        ],
        [
          216.93661499023438,
          88.446533203125
        ],
        [
          62.05908203125,
          88.446533203125
        ]
      ]
    },
    {
      "title": "Dokumentsk\u00e5p A4 i st\u00e5lpl\u00e5t f\u00f6r ritningar i format A4, h\u00e5l\nf\u00f6r industricylinder",
      "heading_level": null,
      "page_id": 0,
      "polygon": [
        [
          61.404296875,
          140.504638671875
        ],
        [
          577.666015625,
          140.504638671875
        ],
        [
          577.666015625,
          186.345947265625
        ],
        [
          61.404296875,
          186.345947265625
        ]
      ]
    },
    {
      "title": "Produktdetajler:",
      "heading_level": null,
      "page_id": 0,
      "polygon": [
        [
          62.604736328125,
          247.29638671875
        ],
        [
          159.0869903564453,
          247.29638671875
        ],
        [
          159.0869903564453,
          259.21923828125
        ],
        [
          62.604736328125,
          259.21923828125
        ]
      ]
    }
  ],
  "page_stats": [
    {
      "page_id": 0,
      "text_extraction_method": "pdftext",
      "block_counts": [
        [
          "Span",
          45
        ],
        [
          "Line",
          19
        ],
        [
          "TableCell",
          8
        ],
        [
          "Text",
          6
        ],
        [
          "SectionHeader",
          3
        ],
        [
          "Picture",
          2
        ],
        [
          "PageHeader",
          1
        ],
        [
          "Table",
          1
        ],
        [
          "PageFooter",
          1
        ]
      ],
      "block_metadata": {
        "llm_request_count": 0,
        "llm_error_count": 0,
        "llm_tokens_used": 0
      }
    }
  ],
  "debug_data_path": "debug_data\\50116274_pro"
}