{
  "table_of_contents": [
    {
      "title": "SMARTA HEM",
      "heading_level": null,
      "page_id": 0,
      "polygon": [
        [
          395.9667053222656,
          26.016998291015625
        ],
        [
          568.2103271484375,
          26.016998291015625
        ],
        [
          568.2103271484375,
          55.5029296875
        ],
        [
          395.9667053222656,
          55.5029296875
        ]
      ]
    },
    {
      "title": "D\u00d6RRKLOCKA, BATTERIDRIVEN, SET\nMLR-1922/SET",
      "heading_level": null,
      "page_id": 0,
      "polygon": [
        [
          36.8306999206543,
          98.157958984375
        ],
        [
          564.279296875,
          98.157958984375
        ],
        [
          564.279296875,
          168.050537109375
        ],
        [
          36.8306999206543,
          168.050537109375
        ]
      ]
    }
  ],
  "page_stats": [
    {
      "page_id": 0,
      "text_extraction_method": "pdftext",
      "block_counts": [
        [
          "Span",
          110
        ],
        [
          "Line",
          46
        ],
        [
          "TableCell",
          22
        ],
        [
          "ListItem",
          7
        ],
        [
          "Text",
          5
        ],
        [
          "Picture",
          3
        ],
        [
          "SectionHeader",
          2
        ],
        [
          "Table",
          1
        ],
        [
          "ListGroup",
          1
        ]
      ],
      "block_metadata": {
        "llm_request_count": 0,
        "llm_error_count": 0,
        "llm_tokens_used": 0
      }
    }
  ],
  "debug_data_path": "debug_data\\50457229_pro"
}