{
  "table_of_contents": [
    {
      "title": "Styra Porttelefonkort 4400",
      "heading_level": null,
      "page_id": 0,
      "polygon": [
        [
          278.2109375,
          145.027099609375
        ],
        [
          566.0464477539062,
          145.027099609375
        ],
        [
          566.0464477539062,
          175.862060546875
        ],
        [
          278.2109375,
          175.862060546875
        ]
      ]
    },
    {
      "title": "EGENSKAPER OCH F\u00d6RDELAR",
      "heading_level": null,
      "page_id": 0,
      "polygon": [
        [
          279.666015625,
          194.568603515625
        ],
        [
          382.103515625,
          194.568603515625
        ],
        [
          382.103515625,
          205.463623046875
        ],
        [
          279.666015625,
          205.463623046875
        ]
      ]
    },
    {
      "title": "www.aptus.se",
      "heading_level": null,
      "page_id": 1,
      "polygon": [
        [
          318.4252014160156,
          514.6534729003906
        ],
        [
          523.24609375,
          514.6534729003906
        ],
        [
          523.24609375,
          553.384765625
        ],
        [
          318.4252014160156,
          553.384765625
        ]
      ]
    }
  ],
  "page_stats": [
    {
      "page_id": 0,
      "text_extraction_method": "pdftext",
      "block_counts": [
        [
          "Span",
          84
        ],
        [
          "Line",
          42
        ],
        [
          "ListItem",
          16
        ],
        [
          "Text",
          4
        ],
        [
          "Picture",
          2
        ],
        [
          "SectionHeader",
          2
        ],
        [
          "ListGroup",
          1
        ]
      ],
      "block_metadata": {
        "llm_request_count": 0,
        "llm_error_count": 0,
        "llm_tokens_used": 0
      }
    },
    {
      "page_id": 1,
      "text_extraction_method": "pdftext",
      "block_counts": [
        [
          "Span",
          136
        ],
        [
          "TableCell",
          105
        ],
        [
          "Line",
          45
        ],
        [
          "Table",
          1
        ],
        [
          "Picture",
          1
        ],
        [
          "SectionHeader",
          1
        ],
        [
          "Text",
          1
        ]
      ],
      "block_metadata": {
        "llm_request_count": 0,
        "llm_error_count": 0,
        "llm_tokens_used": 0
      }
    }
  ],
  "debug_data_path": "debug_data\\50100913_produktblad"
}