{
  "table_of_contents": [
    {
      "title": "LOCKR-CYL MIF85A",
      "heading_level": null,
      "page_id": 0,
      "polygon": [
        [
          29.5380859375,
          138.140625
        ],
        [
          206.912109375,
          138.140625
        ],
        [
          206.912109375,
          164.65869140625
        ],
        [
          29.5380859375,
          164.65869140625
        ]
      ]
    },
    {
      "title": "Tekniskbeskrivning:",
      "heading_level": null,
      "page_id": 0,
      "polygon": [
        [
          30.010986328125,
          386.67041015625
        ],
        [
          126.30078125,
          386.67041015625
        ],
        [
          126.30078125,
          399.41552734375
        ],
        [
          30.010986328125,
          399.41552734375
        ]
      ]
    },
    {
      "title": "ELEKTRONISKA L\u00c5S F\u00d6R HEM OCH F\u00d6RETAG",
      "heading_level": null,
      "page_id": 0,
      "polygon": [
        [
          171.990234375,
          793.6009979248047
        ],
        [
          422.5546875,
          793.6009979248047
        ],
        [
          422.5546875,
          811.1650390625
        ],
        [
          171.990234375,
          811.1650390625
        ]
      ]
    }
  ],
  "page_stats": [
    {
      "page_id": 0,
      "text_extraction_method": "pdftext",
      "block_counts": [
        [
          "Line",
          85
        ],
        [
          "Span",
          85
        ],
        [
          "TableCell",
          26
        ],
        [
          "Text",
          4
        ],
        [
          "SectionHeader",
          3
        ],
        [
          "Picture",
          2
        ],
        [
          "Table",
          1
        ],
        [
          "PageFooter",
          1
        ]
      ],
      "block_metadata": {
        "llm_request_count": 0,
        "llm_error_count": 0,
        "llm_tokens_used": 0
      }
    }
  ],
  "debug_data_path": "debug_data\\50149817_pro"
}