{
  "table_of_contents": [
    {
      "title": "HOUSEGARD PE2TGH",
      "heading_level": null,
      "page_id": 0,
      "polygon": [
        [
          43.65234375,
          161.36962890625
        ],
        [
          253.6201171875,
          161.36962890625
        ],
        [
          253.6201171875,
          185.21533203125
        ],
        [
          43.65234375,
          185.21533203125
        ]
      ]
    },
    {
      "title": "FUNKTION",
      "heading_level": null,
      "page_id": 0,
      "polygon": [
        [
          44.88916015625,
          337.951171875
        ],
        [
          82.06640625,
          337.951171875
        ],
        [
          82.06640625,
          347.8495788574219
        ],
        [
          44.88916015625,
          347.8495788574219
        ]
      ]
    },
    {
      "title": "",
      "heading_level": null,
      "page_id": 0,
      "polygon": [
        [
          33.0302734375,
          624.099609375
        ],
        [
          76.1005859375,
          624.099609375
        ],
        [
          76.1005859375,
          635.611328125
        ],
        [
          33.0302734375,
          635.611328125
        ]
      ]
    }
  ],
  "page_stats": [
    {
      "page_id": 0,
      "text_extraction_method": "pdftext",
      "block_counts": [
        [
          "Span",
          132
        ],
        [
          "Line",
          53
        ],
        [
          "TableCell",
          50
        ],
        [
          "Text",
          11
        ],
        [
          "Picture",
          7
        ],
        [
          "SectionHeader",
          3
        ],
        [
          "Table",
          2
        ],
        [
          "PageFooter",
          1
        ]
      ],
      "block_metadata": {
        "llm_request_count": 0,
        "llm_error_count": 0,
        "llm_tokens_used": 0
      }
    }
  ],
  "debug_data_path": "debug_data\\HOUSEGARD PE2TGHCopiaxhttpswwwcopiaxse  doc  50025306_pro_372610857254232686"
}