{
  "table_of_contents": [
    {
      "title": "DATA SHEET",
      "heading_level": null,
      "page_id": 0,
      "polygon": [
        [
          47.7265625,
          111.62255859375
        ],
        [
          147.13729858398438,
          111.62255859375
        ],
        [
          147.13729858398438,
          131.770751953125
        ],
        [
          47.7265625,
          131.770751953125
        ]
      ]
    },
    {
      "title": "NO MERCURY ADDED",
      "heading_level": null,
      "page_id": 0,
      "polygon": [
        [
          34.1943359375,
          156.23046875
        ],
        [
          158.7490234375,
          156.23046875
        ],
        [
          158.7490234375,
          170.67694091796875
        ],
        [
          34.1943359375,
          170.67694091796875
        ]
      ]
    },
    {
      "title": "Discharge curve:",
      "heading_level": null,
      "page_id": 0,
      "polygon": [
        [
          27.41309928894043,
          507.7490234375
        ],
        [
          120.0439453125,
          507.7490234375
        ],
        [
          120.0439453125,
          521.7275390625
        ],
        [
          27.41309928894043,
          521.7275390625
        ]
      ]
    },
    {
      "title": "",
      "heading_level": null,
      "page_id": 0,
      "polygon": [
        [
          34.157958984375,
          783.619140625
        ],
        [
          137.2138671875,
          783.619140625
        ],
        [
          137.2138671875,
          793.486328125
        ],
        [
          34.157958984375,
          793.486328125
        ]
      ]
    }
  ],
  "page_stats": [
    {
      "page_id": 0,
      "text_extraction_method": "pdftext",
      "block_counts": [
        [
          "Span",
          240
        ],
        [
          "Line",
          81
        ],
        [
          "TableCell",
          53
        ],
        [
          "SectionHeader",
          4
        ],
        [
          "Table",
          4
        ],
        [
          "Picture",
          3
        ],
        [
          "Text",
          3
        ],
        [
          "Figure",
          2
        ],
        [
          "PageFooter",
          1
        ]
      ],
      "block_metadata": {
        "llm_request_count": 0,
        "llm_error_count": 0,
        "llm_tokens_used": 0
      }
    }
  ],
  "debug_data_path": "debug_data\\F A C GCopiaxhttpscopiaxse  images  doc  50464574_pro_3721313039385917571"
}