{
  "table_of_contents": [
    {
      "title": "LML-710",
      "heading_level": null,
      "page_id": 0,
      "polygon": [
        [
          368.09814453125,
          32.5308837890625
        ],
        [
          527.3839111328125,
          32.5308837890625
        ],
        [
          527.3839111328125,
          77.1387939453125
        ],
        [
          368.09814453125,
          77.1387939453125
        ]
      ]
    },
    {
      "title": "TR\u00c5DL\u00d6S D\u00d6RRKLOCKA M S\u00c4NDARE",
      "heading_level": null,
      "page_id": 0,
      "polygon": [
        [
          305.0537109375,
          154.38037109375
        ],
        [
          571.3907470703125,
          154.38037109375
        ],
        [
          571.3907470703125,
          173.29248046875
        ],
        [
          305.0537109375,
          173.29248046875
        ]
      ]
    }
  ],
  "page_stats": [
    {
      "page_id": 0,
      "text_extraction_method": "pdftext",
      "block_counts": [
        [
          "Span",
          53
        ],
        [
          "Line",
          26
        ],
        [
          "Text",
          8
        ],
        [
          "Picture",
          5
        ],
        [
          "SectionHeader",
          2
        ]
      ],
      "block_metadata": {
        "llm_request_count": 0,
        "llm_error_count": 0,
        "llm_tokens_used": 0
      }
    }
  ],
  "debug_data_path": "debug_data\\LML-710Copiaxhttpswwwcopiaxse  images  doc  50025740_Pro_-8528454198312329491"
}