{
  "table_of_contents": [
    {
      "title": "RS-509 S. REGNSKYDD \n\n(ROSTFRITT)",
      "heading_level": null,
      "page_id": 0,
      "polygon": [
        [
          30.1201171875,
          135.365478515625
        ],
        [
          272.02899169921875,
          135.365478515625
        ],
        [
          272.02899169921875,
          188.607177734375
        ],
        [
          30.1201171875,
          188.607177734375
        ]
      ]
    }
  ],
  "page_stats": [
    {
      "page_id": 0,
      "text_extraction_method": "pdftext",
      "block_counts": [
        [
          "Line",
          35
        ],
        [
          "Span",
          35
        ],
        [
          "Text",
          10
        ],
        [
          "ListItem",
          3
        ],
        [
          "Picture",
          2
        ],
        [
          "SectionHeader",
          1
        ],
        [
          "PageFooter",
          1
        ],
        [
          "ListGroup",
          1
        ]
      ],
      "block_metadata": {
        "llm_request_count": 0,
        "llm_error_count": 0,
        "llm_tokens_used": 0
      }
    }
  ],
  "debug_data_path": "debug_data\\RS-509 S REGNSKYDD ROSTFRITT_5281475911360433641"
}