{
  "table_of_contents": [
    {
      "title": "NO MERCURY ADDED",
      "heading_level": null,
      "page_id": 0,
      "polygon": [
        [
          37.468513853904284,
          113.93226381461675
        ],
        [
          157.367758186398,
          113.93226381461675
        ],
        [
          157.367758186398,
          126.683837890625
        ],
        [
          37.468513853904284,
          126.683837890625
        ]
      ]
    },
    {
      "title": "Cross References:",
      "heading_level": null,
      "page_id": 0,
      "polygon": [
        [
          38.21788413098237,
          381.078125
        ],
        [
          137.1347607052897,
          381.078125
        ],
        [
          137.1347607052897,
          393.3974609375
        ],
        [
          38.21788413098237,
          393.3974609375
        ]
      ]
    },
    {
      "title": "www.gpbatteries.com",
      "heading_level": null,
      "page_id": 0,
      "polygon": [
        [
          36.7191435768262,
          754.801247771836
        ],
        [
          142.3583984375,
          754.801247771836
        ],
        [
          142.3583984375,
          767.49462890625
        ],
        [
          36.7191435768262,
          767.49462890625
        ]
      ]
    },
    {
      "title": "DATA SHEET",
      "heading_level": null,
      "page_id": 0,
      "polygon": [
        [
          433.75732421875,
          74.9554367201426
        ],
        [
          552.2858942065492,
          76.45454545454545
        ],
        [
          552.2858942065492,
          97.2200927734375
        ],
        [
          433.75732421875,
          97.2200927734375
        ]
      ]
    }
  ],
  "page_stats": [
    {
      "page_id": 0,
      "text_extraction_method": "surya",
      "block_counts": [
        [
          "Line",
          65
        ],
        [
          "Span",
          65
        ],
        [
          "TableCell",
          24
        ],
        [
          "SectionHeader",
          4
        ],
        [
          "Text",
          4
        ],
        [
          "Picture",
          2
        ],
        [
          "Table",
          2
        ],
        [
          "Figure",
          2
        ],
        [
          "PageFooter",
          1
        ]
      ],
      "block_metadata": {
        "llm_request_count": 0,
        "llm_error_count": 0,
        "llm_tokens_used": 0
      }
    }
  ],
  "debug_data_path": "debug_data\\50025380_produktblad"
}