{
  "table_of_contents": [
    {
      "title": "TRYGGA HEM",
      "heading_level": null,
      "page_id": 0,
      "polygon": [
        [
          396.6307067871094,
          25.593017578125
        ],
        [
          568.0625,
          25.593017578125
        ],
        [
          568.0625,
          55.7598876953125
        ],
        [
          396.6307067871094,
          55.7598876953125
        ]
      ]
    },
    {
      "title": "FB-120 VMP\nBRANDFILT VIT, 120 CM",
      "heading_level": null,
      "page_id": 0,
      "polygon": [
        [
          36.376953125,
          97.849609375
        ],
        [
          320.47900390625,
          97.849609375
        ],
        [
          320.47900390625,
          158.90283203125
        ],
        [
          36.376953125,
          158.90283203125
        ]
      ]
    }
  ],
  "page_stats": [
    {
      "page_id": 0,
      "text_extraction_method": "pdftext",
      "block_counts": [
        [
          "Span",
          77
        ],
        [
          "Line",
          30
        ],
        [
          "TableCell",
          8
        ],
        [
          "Text",
          4
        ],
        [
          "ListItem",
          3
        ],
        [
          "SectionHeader",
          2
        ],
        [
          "Picture",
          2
        ],
        [
          "Table",
          2
        ],
        [
          "ListGroup",
          1
        ]
      ],
      "block_metadata": {
        "llm_request_count": 0,
        "llm_error_count": 0,
        "llm_tokens_used": 0
      }
    }
  ],
  "debug_data_path": "debug_data\\50461560_PRO"
}