{
  "table_of_contents": [
    {
      "title": "ISM14125P\nMinikanal 12x20 BT PVC",
      "heading_level": null,
      "page_id": 0,
      "polygon": [
        [
          257.95098876953125,
          26.18402099609375
        ],
        [
          413.4629821777344,
          24.53948974609375
        ],
        [
          413.4629821777344,
          65.57568359375
        ],
        [
          257.95098876953125,
          67.22021484375
        ]
      ]
    },
    {
      "title": "Teknisk data",
      "heading_level": null,
      "page_id": 0,
      "polygon": [
        [
          52.8033447265625,
          309.37744140625
        ],
        [
          110.51799774169922,
          309.37744140625
        ],
        [
          110.51799774169922,
          320.66632080078125
        ],
        [
          52.8033447265625,
          320.66632080078125
        ]
      ]
    }
  ],
  "page_stats": [
    {
      "page_id": 0,
      "text_extraction_method": "pdftext",
      "block_counts": [
        [
          "Span",
          151
        ],
        [
          "TableCell",
          64
        ],
        [
          "Line",
          50
        ],
        [
          "Picture",
          3
        ],
        [
          "PageHeader",
          2
        ],
        [
          "SectionHeader",
          2
        ],
        [
          "Table",
          2
        ],
        [
          "PageFooter",
          2
        ]
      ],
      "block_metadata": {
        "llm_request_count": 0,
        "llm_error_count": 0,
        "llm_tokens_used": 0
      }
    }
  ],
  "debug_data_path": "debug_data\\ISM14125Pcopiaxsehttpswwwcopiaxse  images  doc  50116759_pro_4090849648381084337"
}