{
  "table_of_contents": [
    {
      "title": "",
      "heading_level": null,
      "page_id": 0,
      "polygon": [
        [
          36.5406494140625,
          625.744140625
        ],
        [
          80.97509765625,
          625.744140625
        ],
        [
          80.97509765625,
          635.611328125
        ],
        [
          36.5406494140625,
          635.611328125
        ]
      ]
    },
    {
      "title": "",
      "heading_level": null,
      "page_id": 0,
      "polygon": [
        [
          409.16796875,
          625.744140625
        ],
        [
          453.40234375,
          625.744140625
        ],
        [
          453.40234375,
          634.7890625
        ],
        [
          409.16796875,
          634.7890625
        ]
      ]
    },
    {
      "title": "Artikelinformation",
      "heading_level": null,
      "page_id": 0,
      "polygon": [
        [
          410.041015625,
          710.8486328125
        ],
        [
          466.02880859375,
          710.8486328125
        ],
        [
          466.02880859375,
          719.0712890625
        ],
        [
          410.041015625,
          719.0712890625
        ]
      ]
    }
  ],
  "page_stats": [
    {
      "page_id": 0,
      "text_extraction_method": "pdftext",
      "block_counts": [
        [
          "Span",
          129
        ],
        [
          "TableCell",
          73
        ],
        [
          "Line",
          49
        ],
        [
          "Text",
          8
        ],
        [
          "Picture",
          3
        ],
        [
          "SectionHeader",
          3
        ],
        [
          "Table",
          2
        ],
        [
          "PageFooter",
          1
        ]
      ],
      "block_metadata": {
        "llm_request_count": 0,
        "llm_error_count": 0,
        "llm_tokens_used": 0
      }
    }
  ],
  "debug_data_path": "debug_data\\50151444_pro"
}