{
  "table_of_contents": [
    {
      "title": "JB RJ45 KOPPLINGSDOSA I METALL",
      "heading_level": null,
      "page_id": 0,
      "polygon": [
        [
          57.8377685546875,
          82.8515625
        ],
        [
          281.73291015625,
          82.8515625
        ],
        [
          281.73291015625,
          102.53455364704132
        ],
        [
          57.8377685546875,
          102.53455364704132
        ]
      ]
    },
    {
      "title": "F\u00f6rdelar",
      "heading_level": null,
      "page_id": 0,
      "polygon": [
        [
          63.9183349609375,
          161.7041015625
        ],
        [
          105.71319568157196,
          161.7041015625
        ],
        [
          105.71319568157196,
          176.80939495563507
        ],
        [
          63.9183349609375,
          176.80939495563507
        ]
      ]
    }
  ],
  "page_stats": [
    {
      "page_id": 0,
      "text_extraction_method": "pdftext",
      "block_counts": [
        [
          "Span",
          89
        ],
        [
          "Line",
          21
        ],
        [
          "TableCell",
          19
        ],
        [
          "ListItem",
          5
        ],
        [
          "Picture",
          2
        ],
        [
          "SectionHeader",
          2
        ],
        [
          "Table",
          2
        ],
        [
          "PageHeader",
          1
        ],
        [
          "Text",
          1
        ],
        [
          "PageFooter",
          1
        ],
        [
          "ListGroup",
          1
        ]
      ],
      "block_metadata": {
        "llm_request_count": 0,
        "llm_error_count": 0,
        "llm_tokens_used": 0
      }
    }
  ],
  "debug_data_path": "debug_data\\50131475_pro"
}