{
  "table_of_contents": [
    {
      "title": "Assa 9565 T Flip-up",
      "heading_level": null,
      "page_id": 0,
      "polygon": [
        [
          45.01904296875,
          35.685791015625
        ],
        [
          362.00244140625,
          35.685791015625
        ],
        [
          362.00244140625,
          87.01705932617188
        ],
        [
          45.01904296875,
          87.01705932617188
        ]
      ]
    },
    {
      "title": "MONTERINGSANVISNING",
      "heading_level": null,
      "page_id": 0,
      "polygon": [
        [
          564.07421875,
          57.7666015625
        ],
        [
          797.59765625,
          57.7666015625
        ],
        [
          797.59765625,
          79.52001953125
        ],
        [
          564.07421875,
          79.52001953125
        ]
      ]
    }
  ],
  "page_stats": [
    {
      "page_id": 0,
      "text_extraction_method": "pdftext",
      "block_counts": [
        [
          "Span",
          191
        ],
        [
          "Line",
          86
        ],
        [
          "SectionHeader",
          2
        ],
        [
          "Figure",
          1
        ],
        [
          "PageFooter",
          1
        ],
        [
          "Picture",
          1
        ]
      ],
      "block_metadata": {
        "llm_request_count": 0,
        "llm_error_count": 0,
        "llm_tokens_used": 0
      }
    }
  ],
  "debug_data_path": "debug_data\\128241_montanvisn"
}