{
  "table_of_contents": [
    {
      "title": "Brand name or trade mark:   ECO",
      "heading_level": null,
      "page_id": 0,
      "polygon": [
        [
          34.52896725440806,
          120.359130859375
        ],
        [
          180.138671875,
          120.359130859375
        ],
        [
          180.138671875,
          134.954345703125
        ],
        [
          34.52896725440806,
          134.954345703125
        ]
      ]
    },
    {
      "title": "Type designation(s)/Model no(s):",
      "heading_level": null,
      "page_id": 0,
      "polygon": [
        [
          34.52896725440806,
          139.16845703125
        ],
        [
          189.0146484375,
          139.16845703125
        ],
        [
          189.0146484375,
          153.55810546875
        ],
        [
          34.52896725440806,
          153.55810546875
        ]
      ]
    },
    {
      "title": "Manufacturer's name, address, telephone & fax no:",
      "heading_level": null,
      "page_id": 0,
      "polygon": [
        [
          34.52896725440806,
          272.9921875
        ],
        [
          263.4710327455919,
          272.9921875
        ],
        [
          263.4710327455919,
          286.970703125
        ],
        [
          34.52896725440806,
          286.970703125
        ]
      ]
    },
    {
      "title": "document.",
      "heading_level": null,
      "page_id": 0,
      "polygon": [
        [
          34.7218017578125,
          405.7880859375
        ],
        [
          83.31989924433249,
          405.7880859375
        ],
        [
          83.31989924433249,
          419.35546875
        ],
        [
          34.7218017578125,
          419.35546875
        ]
      ]
    }
  ],
  "page_stats": [
    {
      "page_id": 0,
      "text_extraction_method": "surya",
      "block_counts": [
        [
          "Line",
          39
        ],
        [
          "Span",
          39
        ],
        [
          "Text",
          22
        ],
        [
          "SectionHeader",
          4
        ],
        [
          "Picture",
          3
        ],
        [
          "PageHeader",
          1
        ],
        [
          "Handwriting",
          1
        ],
        [
          "Caption",
          1
        ]
      ],
      "block_metadata": {
        "llm_request_count": 0,
        "llm_error_count": 0,
        "llm_tokens_used": 0
      }
    }
  ],
  "debug_data_path": "debug_data\\50457191_cert"
}