{
  "table_of_contents": [
    {
      "title": "KARM\u00d6VERF\u00d6RING SOM T\u00c5L H\u00c5RDA TAG",
      "heading_level": null,
      "page_id": 0,
      "polygon": [
        [
          35.86767578125,
          381.53125
        ],
        [
          292.1796875,
          381.53125
        ],
        [
          292.1796875,
          402.4990234375
        ],
        [
          35.86767578125,
          402.4990234375
        ]
      ]
    },
    {
      "title": "TEKNISK DATA",
      "heading_level": null,
      "page_id": 0,
      "polygon": [
        [
          36.0,
          517.205078125
        ],
        [
          116.2607421875,
          517.205078125
        ],
        [
          116.2607421875,
          533.650390625
        ],
        [
          36.0,
          533.650390625
        ]
      ]
    }
  ],
  "page_stats": [
    {
      "page_id": 0,
      "text_extraction_method": "pdftext",
      "block_counts": [
        [
          "Span",
          42
        ],
        [
          "Line",
          21
        ],
        [
          "Picture",
          4
        ],
        [
          "Text",
          4
        ],
        [
          "SectionHeader",
          2
        ],
        [
          "PageHeader",
          1
        ],
        [
          "PageFooter",
          1
        ]
      ],
      "block_metadata": {
        "llm_request_count": 0,
        "llm_error_count": 0,
        "llm_tokens_used": 0
      }
    }
  ],
  "debug_data_path": "debug_data\\10009692_pro"
}