{
  "table_of_contents": [
    {
      "title": "Indikeringsdioder",
      "heading_level": null,
      "page_id": 0,
      "polygon": [
        [
          195.271484375,
          45.738525390625
        ],
        [
          402.474609375,
          45.738525390625
        ],
        [
          402.474609375,
          74.20947265625
        ],
        [
          195.271484375,
          74.20947265625
        ]
      ]
    },
    {
      "title": "Allm\u00e4nt",
      "heading_level": null,
      "page_id": 0,
      "polygon": [
        [
          142.7431640625,
          119.947998046875
        ],
        [
          191.3427734375,
          119.947998046875
        ],
        [
          191.3427734375,
          135.365478515625
        ],
        [
          142.7431640625,
          135.365478515625
        ]
      ]
    },
    {
      "title": "Inkoppling",
      "heading_level": null,
      "page_id": 0,
      "polygon": [
        [
          399.1206970214844,
          119.43408203125
        ],
        [
          460.095703125,
          119.43408203125
        ],
        [
          460.095703125,
          135.05877685546875
        ],
        [
          399.1206970214844,
          135.05877685546875
        ]
      ]
    },
    {
      "title": "Tekniskt specifikation",
      "heading_level": null,
      "page_id": 0,
      "polygon": [
        [
          367.2076110839844,
          474.0361328125
        ],
        [
          493.853515625,
          474.0361328125
        ],
        [
          493.853515625,
          489.6591796875
        ],
        [
          367.2076110839844,
          489.6591796875
        ]
      ]
    }
  ],
  "page_stats": [
    {
      "page_id": 0,
      "text_extraction_method": "pdftext",
      "block_counts": [
        [
          "Span",
          89
        ],
        [
          "Line",
          44
        ],
        [
          "Text",
          10
        ],
        [
          "SectionHeader",
          4
        ],
        [
          "Picture",
          4
        ],
        [
          "PageFooter",
          3
        ]
      ],
      "block_metadata": {
        "llm_request_count": 0,
        "llm_error_count": 0,
        "llm_tokens_used": 0
      }
    }
  ],
  "debug_data_path": "debug_data\\Indikeringsdioder_-5132848438250438978"
}