{
  "table_of_contents": [
    {
      "title": "83CS/80 Rock",
      "heading_level": null,
      "page_id": 0,
      "polygon": [
        [
          36.46728515625,
          53.525390625
        ],
        [
          253.271484375,
          53.525390625
        ],
        [
          253.271484375,
          90.703125
        ],
        [
          36.46728515625,
          90.703125
        ]
      ]
    },
    {
      "title": "Tekniska data",
      "heading_level": null,
      "page_id": 0,
      "polygon": [
        [
          32.80799865722656,
          285.79591369628906
        ],
        [
          171.1962890625,
          285.79591369628906
        ],
        [
          171.1962890625,
          447.71484375
        ],
        [
          32.80799865722656,
          447.71484375
        ]
      ]
    }
  ],
  "page_stats": [
    {
      "page_id": 0,
      "text_extraction_method": "pdftext",
      "block_counts": [
        [
          "Span",
          52
        ],
        [
          "Line",
          18
        ],
        [
          "ListItem",
          12
        ],
        [
          "SectionHeader",
          2
        ],
        [
          "Picture",
          2
        ],
        [
          "ListGroup",
          2
        ]
      ],
      "block_metadata": {
        "llm_request_count": 0,
        "llm_error_count": 0,
        "llm_tokens_used": 0
      }
    }
  ],
  "debug_data_path": "debug_data\\50026294_Pro"
}