{
  "table_of_contents": [
    {
      "title": "N-MC-RE\nMCP Accessory - Intelligent Manual Call Point Resettable Element",
      "heading_level": null,
      "page_id": 0,
      "polygon": [
        [
          28.3740234375,
          140.40185546875
        ],
        [
          408.00390625,
          140.40185546875
        ],
        [
          408.00390625,
          182.74853515625
        ],
        [
          28.3740234375,
          182.74853515625
        ]
      ]
    },
    {
      "title": "N-MC-RE\nMCP Accessory - Intelligent Manual Call Point Resettable Element",
      "heading_level": null,
      "page_id": 1,
      "polygon": [
        [
          29.68359375,
          30.9891357421875
        ],
        [
          407.712890625,
          30.9891357421875
        ],
        [
          407.712890625,
          68.350830078125
        ],
        [
          29.68359375,
          68.350830078125
        ]
      ]
    },
    {
      "title": "Technical specifications",
      "heading_level": null,
      "page_id": 1,
      "polygon": [
        [
          29.90185546875,
          85.618408203125
        ],
        [
          158.603515625,
          85.618408203125
        ],
        [
          158.603515625,
          98.8968505859375
        ],
        [
          29.90185546875,
          98.8968505859375
        ]
      ]
    }
  ],
  "page_stats": [
    {
      "page_id": 0,
      "text_extraction_method": "pdftext",
      "block_counts": [
        [
          "Span",
          3
        ],
        [
          "Picture",
          2
        ],
        [
          "Line",
          2
        ],
        [
          "SectionHeader",
          1
        ]
      ],
      "block_metadata": {
        "llm_request_count": 0,
        "llm_error_count": 0,
        "llm_tokens_used": 0
      }
    },
    {
      "page_id": 1,
      "text_extraction_method": "pdftext",
      "block_counts": [
        [
          "Span",
          51
        ],
        [
          "TableCell",
          22
        ],
        [
          "Line",
          19
        ],
        [
          "Text",
          3
        ],
        [
          "SectionHeader",
          2
        ],
        [
          "Table",
          1
        ],
        [
          "Picture",
          1
        ],
        [
          "PageFooter",
          1
        ]
      ],
      "block_metadata": {
        "llm_request_count": 0,
        "llm_error_count": 0,
        "llm_tokens_used": 0
      }
    }
  ],
  "debug_data_path": "debug_data\\N-MC-REcopiaxsehttpscopiaxse  images  doc  50464231_pro_-3226267482700582733"
}