{
  "table_of_contents": [
    {
      "title": "",
      "heading_level": null,
      "page_id": 0,
      "polygon": [
        [
          899.8845520019531,
          50.0040283203125
        ],
        [
          923.0185546875,
          50.0040283203125
        ],
        [
          923.0185546875,
          65.6270751953125
        ],
        [
          899.8845520019531,
          65.6270751953125
        ]
      ]
    }
  ],
  "page_stats": [
    {
      "page_id": 0,
      "text_extraction_method": "pdftext",
      "block_counts": [
        [
          "Span",
          85
        ],
        [
          "Line",
          43
        ],
        [
          "Figure",
          2
        ],
        [
          "SectionHeader",
          1
        ]
      ],
      "block_metadata": {
        "llm_request_count": 0,
        "llm_error_count": 0,
        "llm_tokens_used": 0
      }
    }
  ],
  "debug_data_path": "debug_data\\2  2 C L Elslutblecket monterasCopiaxhttpswwwcopiaxse  doc  50021271_Pro_5533055883237096560"
}