{
  "table_of_contents": [
    {
      "title": "\u00d6ppna 2500 \nBer\u00f6ringsfri Mifare-l\u00e4sare med knappsats",
      "heading_level": null,
      "page_id": 0,
      "polygon": [
        [
          289.1240234375,
          139.682373046875
        ],
        [
          463.0684814453125,
          139.682373046875
        ],
        [
          463.0684814453125,
          183.468017578125
        ],
        [
          289.1240234375,
          183.468017578125
        ]
      ]
    },
    {
      "title": "www.aptus.se",
      "heading_level": null,
      "page_id": 1,
      "polygon": [
        [
          318.4252014160156,
          514.6535949707031
        ],
        [
          526.447265625,
          514.6535949707031
        ],
        [
          526.447265625,
          552.5625
        ],
        [
          318.4252014160156,
          552.5625
        ]
      ]
    }
  ],
  "page_stats": [
    {
      "page_id": 0,
      "text_extraction_method": "pdftext",
      "block_counts": [
        [
          "Span",
          57
        ],
        [
          "Line",
          30
        ],
        [
          "TableCell",
          14
        ],
        [
          "ListItem",
          11
        ],
        [
          "Text",
          3
        ],
        [
          "Table",
          1
        ],
        [
          "SectionHeader",
          1
        ],
        [
          "Picture",
          1
        ],
        [
          "ListGroup",
          1
        ]
      ],
      "block_metadata": {
        "llm_request_count": 0,
        "llm_error_count": 0,
        "llm_tokens_used": 0
      }
    },
    {
      "page_id": 1,
      "text_extraction_method": "pdftext",
      "block_counts": [
        [
          "Span",
          95
        ],
        [
          "TableCell",
          66
        ],
        [
          "Line",
          37
        ],
        [
          "Text",
          3
        ],
        [
          "Table",
          1
        ],
        [
          "Picture",
          1
        ],
        [
          "SectionHeader",
          1
        ]
      ],
      "block_metadata": {
        "llm_request_count": 0,
        "llm_error_count": 0,
        "llm_tokens_used": 0
      }
    }
  ],
  "debug_data_path": "debug_data\\50115254_Pro"
}