{
  "table_of_contents": [
    {
      "title": "UC-50/4 GEN2 LK 2",
      "heading_level": null,
      "page_id": 0,
      "polygon": [
        [
          29.02880859375,
          134.954345703125
        ],
        [
          232.23046875,
          134.954345703125
        ],
        [
          232.23046875,
          161.266845703125
        ],
        [
          29.02880859375,
          161.266845703125
        ]
      ]
    }
  ],
  "page_stats": [
    {
      "page_id": 0,
      "text_extraction_method": "pdftext",
      "block_counts": [
        [
          "Line",
          63
        ],
        [
          "Span",
          63
        ],
        [
          "TableCell",
          22
        ],
        [
          "Text",
          5
        ],
        [
          "Picture",
          2
        ],
        [
          "SectionHeader",
          1
        ],
        [
          "Table",
          1
        ],
        [
          "PageFooter",
          1
        ]
      ],
      "block_metadata": {
        "llm_request_count": 0,
        "llm_error_count": 0,
        "llm_tokens_used": 0
      }
    }
  ],
  "debug_data_path": "debug_data\\UC-504 GEN2 LK 2 - Spaak S\u00e4kerhet ABcopiaxsehttpscopiaxse  images  doc  50461008_pro_-7424380379924901267"
}