{
  "table_of_contents": [
    {
      "title": "D\u00f6rrstopp 73 DS och D\u00f6rrh\u00e5llare 77 DA",
      "heading_level": null,
      "page_id": 0,
      "polygon": [
        [
          455.2776184082031,
          2.0643463134765625
        ],
        [
          723.7415771484375,
          2.0643463134765625
        ],
        [
          723.7415771484375,
          22.99566650390625
        ],
        [
          455.2776184082031,
          22.99566650390625
        ]
      ]
    },
    {
      "title": "Mounting instructions 73 DS and 77 DA :",
      "heading_level": null,
      "page_id": 1,
      "polygon": [
        [
          25.159400939941406,
          38.819580078125
        ],
        [
          243.8953857421875,
          38.819580078125
        ],
        [
          243.8953857421875,
          53.521026611328125
        ],
        [
          25.159400939941406,
          53.521026611328125
        ]
      ]
    }
  ],
  "page_stats": [
    {
      "page_id": 0,
      "text_extraction_method": "pdftext",
      "block_counts": [
        [
          "Span",
          131
        ],
        [
          "Line",
          49
        ],
        [
          "Text",
          2
        ],
        [
          "Picture",
          1
        ],
        [
          "SectionHeader",
          1
        ],
        [
          "Figure",
          1
        ]
      ],
      "block_metadata": {
        "llm_request_count": 0,
        "llm_error_count": 0,
        "llm_tokens_used": 0
      }
    },
    {
      "page_id": 1,
      "text_extraction_method": "pdftext",
      "block_counts": [
        [
          "Span",
          155
        ],
        [
          "Line",
          50
        ],
        [
          "Text",
          9
        ],
        [
          "ListItem",
          7
        ],
        [
          "Picture",
          1
        ],
        [
          "SectionHeader",
          1
        ],
        [
          "Figure",
          1
        ],
        [
          "ListGroup",
          1
        ]
      ],
      "block_metadata": {
        "llm_request_count": 0,
        "llm_error_count": 0,
        "llm_tokens_used": 0
      }
    }
  ],
  "debug_data_path": "debug_data\\8151201_ins"
}