{
  "table_of_contents": [
    {
      "title": "TRYCKE ASSA 6696 40-75\nMM YD PRION PP",
      "heading_level": null,
      "page_id": 0,
      "polygon": [
        [
          245.7626953125,
          103.1943359375
        ],
        [
          550.01953125,
          103.1943359375
        ],
        [
          550.01953125,
          158.697265625
        ],
        [
          245.7626953125,
          158.697265625
        ]
      ]
    },
    {
      "title": "Specifikation",
      "heading_level": null,
      "page_id": 0,
      "polygon": [
        [
          248.52734375,
          318.42236328125
        ],
        [
          324.19140625,
          318.42236328125
        ],
        [
          324.19140625,
          331.58489990234375
        ],
        [
          248.52734375,
          331.58489990234375
        ]
      ]
    }
  ],
  "page_stats": [
    {
      "page_id": 0,
      "text_extraction_method": "pdftext",
      "block_counts": [
        [
          "Span",
          54
        ],
        [
          "Line",
          18
        ],
        [
          "TableCell",
          14
        ],
        [
          "Text",
          3
        ],
        [
          "PageFooter",
          3
        ],
        [
          "Picture",
          2
        ],
        [
          "SectionHeader",
          2
        ],
        [
          "Table",
          1
        ]
      ],
      "block_metadata": {
        "llm_request_count": 0,
        "llm_error_count": 0,
        "llm_tokens_used": 0
      }
    }
  ],
  "debug_data_path": "debug_data\\trycke-assa-6696-40-75-mm-yd-prion-pp"
}