{
  "table_of_contents": [
    {
      "title": "\u00d6ppna 1505 Ber\u00f6ringsfri L\u00e4sare med knappsats",
      "heading_level": null,
      "page_id": 0,
      "polygon": [
        [
          289.8515625,
          139.57958984375
        ],
        [
          575.046875,
          139.57958984375
        ],
        [
          575.046875,
          174.3203125
        ],
        [
          289.8515625,
          174.3203125
        ]
      ]
    },
    {
      "title": "www.aptus.se",
      "heading_level": null,
      "page_id": 1,
      "polygon": [
        [
          318.4252014160156,
          514.6534729003906
        ],
        [
          526.15625,
          514.6534729003906
        ],
        [
          526.15625,
          551.740234375
        ],
        [
          318.4252014160156,
          551.740234375
        ]
      ]
    },
    {
      "title": "PASSAGE",
      "heading_level": null,
      "page_id": 1,
      "polygon": [
        [
          307.89453125,
          15.34039306640625
        ],
        [
          336.99609375,
          15.34039306640625
        ],
        [
          336.99609375,
          95.3828125
        ],
        [
          307.89453125,
          95.3828125
        ]
      ]
    }
  ],
  "page_stats": [
    {
      "page_id": 0,
      "text_extraction_method": "pdftext",
      "block_counts": [
        [
          "Span",
          57
        ],
        [
          "Line",
          34
        ],
        [
          "TableCell",
          12
        ],
        [
          "ListItem",
          11
        ],
        [
          "Picture",
          3
        ],
        [
          "Table",
          1
        ],
        [
          "SectionHeader",
          1
        ],
        [
          "Text",
          1
        ],
        [
          "ListGroup",
          1
        ]
      ],
      "block_metadata": {
        "llm_request_count": 0,
        "llm_error_count": 0,
        "llm_tokens_used": 0
      }
    },
    {
      "page_id": 1,
      "text_extraction_method": "pdftext",
      "block_counts": [
        [
          "Span",
          75
        ],
        [
          "TableCell",
          34
        ],
        [
          "Line",
          29
        ],
        [
          "SectionHeader",
          2
        ],
        [
          "Table",
          1
        ],
        [
          "Picture",
          1
        ],
        [
          "Text",
          1
        ]
      ],
      "block_metadata": {
        "llm_request_count": 0,
        "llm_error_count": 0,
        "llm_tokens_used": 0
      }
    }
  ],
  "debug_data_path": "debug_data\\50091844_prodblad"
}