{
  "table_of_contents": [
    {
      "title": "",
      "heading_level": null,
      "page_id": 0,
      "polygon": [
        [
          447.58203125,
          35.17755126953125
        ],
        [
          539.54296875,
          35.17755126953125
        ],
        [
          539.54296875,
          58.4322509765625
        ],
        [
          447.58203125,
          58.4322509765625
        ]
      ]
    },
    {
      "title": "Exma Protector 919ML \n& Protector HD 919ML\nMotorl\u00e5s med fall-\noch hakregel",
      "heading_level": null,
      "page_id": 0,
      "polygon": [
        [
          54.419921875,
          168.35888671875
        ],
        [
          462.9457092285156,
          168.35888671875
        ],
        [
          462.9457092285156,
          347.20166015625
        ],
        [
          54.419921875,
          347.20166015625
        ]
      ]
    },
    {
      "title": "L\u00e5shusmodell 919ML",
      "heading_level": null,
      "page_id": 1,
      "polygon": [
        [
          354.3306884765625,
          629.4443359375
        ],
        [
          458.931640625,
          629.4443359375
        ],
        [
          458.931640625,
          641.7783203125
        ],
        [
          354.3306884765625,
          641.7783203125
        ]
      ]
    }
  ],
  "page_stats": [
    {
      "page_id": 0,
      "text_extraction_method": "pdftext",
      "block_counts": [
        [
          "Span",
          101
        ],
        [
          "Line",
          54
        ],
        [
          "Text",
          5
        ],
        [
          "SectionHeader",
          2
        ],
        [
          "ListItem",
          2
        ],
        [
          "Picture",
          1
        ],
        [
          "Caption",
          1
        ],
        [
          "PictureGroup",
          1
        ],
        [
          "ListGroup",
          1
        ]
      ],
      "block_metadata": {
        "llm_request_count": 0,
        "llm_error_count": 0,
        "llm_tokens_used": 0
      }
    },
    {
      "page_id": 1,
      "text_extraction_method": "pdftext",
      "block_counts": [
        [
          "Span",
          214
        ],
        [
          "Line",
          105
        ],
        [
          "TableCell",
          29
        ],
        [
          "Text",
          14
        ],
        [
          "PageHeader",
          3
        ],
        [
          "Table",
          2
        ],
        [
          "Figure",
          1
        ],
        [
          "SectionHeader",
          1
        ]
      ],
      "block_metadata": {
        "llm_request_count": 0,
        "llm_error_count": 0,
        "llm_tokens_used": 0
      }
    }
  ],
  "debug_data_path": "debug_data\\50460160_pro"
}