{
  "table_of_contents": [
    {
      "title": "A61 KOMBIL\u00c4SARE (EM, MIFARE & RADIO)",
      "heading_level": null,
      "page_id": 0,
      "polygon": [
        [
          27.611000061035156,
          85.8753662109375
        ],
        [
          336.99609375,
          85.8753662109375
        ],
        [
          336.99609375,
          104.740966796875
        ],
        [
          27.611000061035156,
          104.740966796875
        ]
      ]
    },
    {
      "title": "TEKNISK DATA",
      "heading_level": null,
      "page_id": 0,
      "polygon": [
        [
          334.376953125,
          176.273193359375
        ],
        [
          438.010986328125,
          176.273193359375
        ],
        [
          438.010986328125,
          193.75091552734375
        ],
        [
          334.376953125,
          193.75091552734375
        ]
      ]
    },
    {
      "title": "FUNKTIONALITET OCH ANV\u00c4NDNINGSOMR\u00c5DEN",
      "heading_level": null,
      "page_id": 0,
      "polygon": [
        [
          121.353515625,
          441.9677734375
        ],
        [
          475.228515625,
          441.9677734375
        ],
        [
          475.228515625,
          460.0576171875
        ],
        [
          121.353515625,
          460.0576171875
        ]
      ]
    }
  ],
  "page_stats": [
    {
      "page_id": 0,
      "text_extraction_method": "pdftext",
      "block_counts": [
        [
          "Span",
          79
        ],
        [
          "Line",
          37
        ],
        [
          "ListItem",
          19
        ],
        [
          "Text",
          4
        ],
        [
          "SectionHeader",
          3
        ],
        [
          "ListGroup",
          3
        ],
        [
          "Picture",
          2
        ]
      ],
      "block_metadata": {
        "llm_request_count": 0,
        "llm_error_count": 0,
        "llm_tokens_used": 0
      }
    }
  ],
  "debug_data_path": "debug_data\\50129738_Pro"
}